Time,Seconds, Milliseconds,IR,Full,Visible,Lux,LED Status,LED Intensity,Test
2023/7/30 (Sunday) 12:59:32,1,1550,0,1,1,0.16,LED OFF,0,Cuvette Dark
2023/7/30 (Sunday) 12:59:32,1,1852,0,1,1,0.16,LED OFF,0,Cuvette Dark
2023/7/30 (Sunday) 12:59:32,2,2155,0,1,1,0.16,LED OFF,0,Cuvette Dark
2023/7/30 (Sunday) 12:59:32,2,2457,0,1,1,0.16,LED OFF,0,Cuvette Dark
2023/7/30 (Sunday) 12:59:32,2,2759,0,1,1,0.16,LED OFF,0,Cuvette Dark
2023/7/30 (Sunday) 12:59:32,3,3062,0,1,1,0.16,LED OFF,0,Cuvette Dark
2023/7/30 (Sunday) 12:59:32,3,3364,0,1,1,0.16,LED OFF,0,Cuvette Dark
2023/7/30 (Sunday) 12:59:32,3,3667,0,1,1,0.16,LED OFF,0,Cuvette Dark
2023/7/30 (Sunday) 12:59:32,3,3971,0,1,1,0.16,LED OFF,0,Cuvette Dark
2023/7/30 (Sunday) 12:59:32,4,4274,0,1,1,0.16,LED OFF,0,Cuvette Dark
2023/7/30 (Sunday) 12:59:32,4,4577,0,1,1,0.16,LED OFF,0,Cuvette Dark
2023/7/30 (Sunday) 12:59:32,4,4880,0,1,1,0.16,LED OFF,0,Cuvette Dark
2023/7/30 (Sunday) 12:59:32,5,5182,0,1,1,0.16,LED OFF,0,Cuvette Dark
2023/7/30 (Sunday) 12:59:32,5,5490,0,1,1,0.16,LED OFF,0,Cuvette Dark
2023/7/30 (Sunday) 12:59:32,5,5939,0,1,1,0.16,LED OFF,0,Cuvette Dark
2023/7/30 (Sunday) 12:59:32,6,6242,0,1,1,0.16,LED OFF,0,Cuvette Dark
2023/7/30 (Sunday) 12:59:32,6,6546,0,1,1,0.16,LED OFF,0,Cuvette Dark
2023/7/30 (Sunday) 12:59:32,6,6848,0,1,1,0.16,LED OFF,0,Cuvette Dark
2023/7/30 (Sunday) 12:59:32,7,7150,0,1,1,0.16,LED OFF,0,Cuvette Dark
2023/7/30 (Sunday) 12:59:32,7,7452,0,1,1,0.16,LED OFF,0,Cuvette Dark
2023/7/30 (Sunday) 12:59:38,7,7856,0,1,1,0.16,LED OFF,0,Cuvette Dark
2023/7/30 (Sunday) 12:59:38,8,8158,0,1,1,0.16,LED OFF,0,Cuvette Dark
2023/7/30 (Sunday) 12:59:38,8,8461,0,1,1,0.16,LED OFF,0,Cuvette Dark
2023/7/30 (Sunday) 12:59:38,8,8763,0,1,1,0.16,LED OFF,0,Cuvette Dark
2023/7/30 (Sunday) 12:59:38,9,9067,0,1,1,0.16,LED OFF,0,Cuvette Dark
2023/7/30 (Sunday) 12:59:38,9,9369,0,1,1,0.16,LED OFF,0,Cuvette Dark
2023/7/30 (Sunday) 12:59:38,9,9672,0,1,1,0.16,LED OFF,0,Cuvette Dark
2023/7/30 (Sunday) 12:59:38,9,9974,0,1,1,0.16,LED OFF,0,Cuvette Dark
2023/7/30 (Sunday) 12:59:38,10,10277,0,1,1,0.16,LED OFF,0,Cuvette Dark
2023/7/30 (Sunday) 12:59:38,10,10580,0,1,1,0.16,LED OFF,0,Cuvette Dark
2023/7/30 (Sunday) 12:59:38,10,10882,0,1,1,0.16,LED OFF,0,Cuvette Dark
2023/7/30 (Sunday) 12:59:38,11,11185,0,1,1,0.16,LED OFF,0,Cuvette Dark
2023/7/30 (Sunday) 12:59:38,11,11487,0,1,1,0.16,LED OFF,0,Cuvette Dark
2023/7/30 (Sunday) 12:59:38,11,11789,0,1,1,0.16,LED OFF,0,Cuvette Dark
2023/7/30 (Sunday) 12:59:38,12,12091,0,1,1,0.16,LED OFF,0,Cuvette Dark
2023/7/30 (Sunday) 12:59:38,12,12394,0,1,1,0.16,LED OFF,0,Cuvette Dark
2023/7/30 (Sunday) 12:59:38,12,12696,0,1,1,0.16,LED OFF,0,Cuvette Dark
2023/7/30 (Sunday) 12:59:38,12,12998,0,1,1,0.16,LED OFF,0,Cuvette Dark
Time,Seconds, Milliseconds,IR,Full,Visible,Lux,LED Status,LED Intensity,Test
2023/7/30 (Sunday) 12:59:52,1,1265,2,26,24,3.62,LED ON,255,Cuvette Light
2023/7/30 (Sunday) 12:59:52,1,1567,2,26,24,3.62,LED ON,255,Cuvette Light
2023/7/30 (Sunday) 12:59:52,1,1869,3,26,23,3.32,LED ON,255,Cuvette Light
2023/7/30 (Sunday) 12:59:52,2,2172,3,26,23,3.32,LED ON,255,Cuvette Light
2023/7/30 (Sunday) 12:59:52,2,2474,3,26,23,3.32,LED ON,255,Cuvette Light
2023/7/30 (Sunday) 12:59:52,2,2777,2,26,24,3.62,LED ON,255,Cuvette Light
2023/7/30 (Sunday) 12:59:52,3,3081,2,26,24,3.62,LED ON,255,Cuvette Light
2023/7/30 (Sunday) 12:59:52,3,3383,2,26,24,3.62,LED ON,255,Cuvette Light
2023/7/30 (Sunday) 12:59:52,3,3686,2,26,24,3.62,LED ON,255,Cuvette Light
2023/7/30 (Sunday) 12:59:52,3,3988,2,26,24,3.62,LED ON,255,Cuvette Light
2023/7/30 (Sunday) 12:59:52,4,4290,3,26,23,3.32,LED ON,255,Cuvette Light
2023/7/30 (Sunday) 12:59:52,4,4592,2,26,24,3.62,LED ON,255,Cuvette Light
2023/7/30 (Sunday) 12:59:52,4,4894,3,26,23,3.32,LED ON,255,Cuvette Light
2023/7/30 (Sunday) 12:59:52,5,5197,3,26,23,3.32,LED ON,255,Cuvette Light
2023/7/30 (Sunday) 12:59:52,5,5500,3,26,23,3.32,LED ON,255,Cuvette Light
2023/7/30 (Sunday) 12:59:52,5,5802,3,26,23,3.32,LED ON,255,Cuvette Light
2023/7/30 (Sunday) 12:59:52,6,6104,2,26,24,3.62,LED ON,255,Cuvette Light
2023/7/30 (Sunday) 12:59:52,6,6406,3,26,23,3.32,LED ON,255,Cuvette Light
2023/7/30 (Sunday) 12:59:52,6,6708,3,26,23,3.32,LED ON,255,Cuvette Light
2023/7/30 (Sunday) 12:59:52,7,7011,3,26,23,3.32,LED ON,255,Cuvette Light
2023/7/30 (Sunday) 12:59:58,7,7416,3,26,23,3.32,LED ON,255,Cuvette Light
2023/7/30 (Sunday) 12:59:58,7,7718,3,26,23,3.32,LED ON,255,Cuvette Light
2023/7/30 (Sunday) 12:59:58,8,8021,3,26,23,3.32,LED ON,255,Cuvette Light
2023/7/30 (Sunday) 12:59:58,8,8323,3,26,23,3.32,LED ON,255,Cuvette Light
2023/7/30 (Sunday) 12:59:58,8,8625,3,26,23,3.32,LED ON,255,Cuvette Light
2023/7/30 (Sunday) 12:59:58,8,8927,2,26,24,3.62,LED ON,255,Cuvette Light
2023/7/30 (Sunday) 12:59:58,9,9229,3,26,23,3.32,LED ON,255,Cuvette Light
2023/7/30 (Sunday) 12:59:58,9,9533,3,26,23,3.32,LED ON,255,Cuvette Light
2023/7/30 (Sunday) 12:59:58,9,9835,3,26,23,3.32,LED ON,255,Cuvette Light
2023/7/30 (Sunday) 12:59:58,10,10138,3,26,23,3.32,LED ON,255,Cuvette Light
2023/7/30 (Sunday) 12:59:58,10,10440,3,26,23,3.32,LED ON,255,Cuvette Light
2023/7/30 (Sunday) 12:59:58,10,10742,2,26,24,3.62,LED ON,255,Cuvette Light
2023/7/30 (Sunday) 12:59:58,11,11044,3,26,23,3.32,LED ON,255,Cuvette Light
2023/7/30 (Sunday) 12:59:58,11,11349,2,26,24,3.62,LED ON,255,Cuvette Light
2023/7/30 (Sunday) 12:59:58,11,11651,3,26,23,3.32,LED ON,255,Cuvette Light
2023/7/30 (Sunday) 12:59:58,11,11953,3,26,23,3.32,LED ON,255,Cuvette Light
2023/7/30 (Sunday) 12:59:58,12,12255,3,26,23,3.32,LED ON,255,Cuvette Light
2023/7/30 (Sunday) 12:59:58,12,12557,3,26,23,3.32,LED ON,255,Cuvette Light
2023/7/30 (Sunday) 12:59:58,12,12859,3,26,23,3.32,LED ON,255,Cuvette Light
2023/7/30 (Sunday) 12:59:58,13,13161,3,26,23,3.32,LED ON,255,Cuvette Light
2023/7/30 (Sunday) 13:0:5,13,13566,3,26,23,3.32,LED ON,255,Cuvette Light
2023/7/30 (Sunday) 13:0:5,13,13868,2,26,24,3.62,LED ON,255,Cuvette Light
2023/7/30 (Sunday) 13:0:5,14,14170,2,26,24,3.62,LED ON,255,Cuvette Light
2023/7/30 (Sunday) 13:0:5,14,14473,3,26,23,3.32,LED ON,255,Cuvette Light
2023/7/30 (Sunday) 13:0:5,14,14775,3,26,23,3.32,LED ON,255,Cuvette Light
2023/7/30 (Sunday) 13:0:5,15,15077,3,26,23,3.32,LED ON,255,Cuvette Light
2023/7/30 (Sunday) 13:0:5,15,15379,3,26,23,3.32,LED ON,255,Cuvette Light
2023/7/30 (Sunday) 13:0:5,15,15682,2,26,24,3.62,LED ON,255,Cuvette Light
2023/7/30 (Sunday) 13:0:5,15,15984,3,26,23,3.32,LED ON,255,Cuvette Light
2023/7/30 (Sunday) 13:0:5,16,16287,3,26,23,3.32,LED ON,255,Cuvette Light
2023/7/30 (Sunday) 13:0:5,16,16589,3,26,23,3.32,LED ON,255,Cuvette Light
2023/7/30 (Sunday) 13:0:5,16,16891,2,26,24,3.62,LED ON,255,Cuvette Light
2023/7/30 (Sunday) 13:0:5,17,17193,3,26,23,3.32,LED ON,255,Cuvette Light
2023/7/30 (Sunday) 13:0:5,17,17496,3,26,23,3.32,LED ON,255,Cuvette Light
2023/7/30 (Sunday) 13:0:5,17,17799,3,26,23,3.32,LED ON,255,Cuvette Light
2023/7/30 (Sunday) 13:0:5,18,18101,2,26,24,3.62,LED ON,255,Cuvette Light
2023/7/30 (Sunday) 13:0:5,18,18404,3,26,23,3.32,LED ON,255,Cuvette Light
2023/7/30 (Sunday) 13:0:5,18,18706,3,26,23,3.32,LED ON,255,Cuvette Light
2023/7/30 (Sunday) 13:0:5,19,19008,3,26,23,3.32,LED ON,255,Cuvette Light
2023/7/30 (Sunday) 13:0:5,19,19311,3,26,23,3.32,LED ON,255,Cuvette Light
2023/7/30 (Sunday) 13:0:11,19,19714,3,26,23,3.32,LED ON,255,Cuvette Light
2023/7/30 (Sunday) 13:0:11,20,20018,3,26,23,3.32,LED ON,255,Cuvette Light
2023/7/30 (Sunday) 13:0:11,20,20320,2,26,24,3.62,LED ON,255,Cuvette Light
2023/7/30 (Sunday) 13:0:11,20,20623,3,26,23,3.32,LED ON,255,Cuvette Light
2023/7/30 (Sunday) 13:0:11,20,20926,3,26,23,3.32,LED ON,255,Cuvette Light
2023/7/30 (Sunday) 13:0:11,21,21228,3,27,24,3.48,LED ON,255,Cuvette Light
2023/7/30 (Sunday) 13:0:11,21,21530,3,27,24,3.48,LED ON,255,Cuvette Light
2023/7/30 (Sunday) 13:0:11,21,21832,3,26,23,3.32,LED ON,255,Cuvette Light
2023/7/30 (Sunday) 13:0:11,22,22136,3,26,23,3.32,LED ON,255,Cuvette Light
2023/7/30 (Sunday) 13:0:11,22,22438,3,27,24,3.48,LED ON,255,Cuvette Light
2023/7/30 (Sunday) 13:0:11,22,22740,3,27,24,3.48,LED ON,255,Cuvette Light
2023/7/30 (Sunday) 13:0:11,23,23042,2,26,24,3.62,LED ON,255,Cuvette Light
2023/7/30 (Sunday) 13:0:11,23,23344,2,26,24,3.62,LED ON,255,Cuvette Light
2023/7/30 (Sunday) 13:0:11,23,23647,3,26,23,3.32,LED ON,255,Cuvette Light
2023/7/30 (Sunday) 13:0:11,23,23949,3,27,24,3.48,LED ON,255,Cuvette Light
2023/7/30 (Sunday) 13:0:11,24,24253,3,27,24,3.48,LED ON,255,Cuvette Light
2023/7/30 (Sunday) 13:0:11,24,24555,3,27,24,3.48,LED ON,255,Cuvette Light
2023/7/30 (Sunday) 13:0:11,24,24857,3,26,23,3.32,LED ON,255,Cuvette Light
2023/7/30 (Sunday) 13:0:11,25,25159,3,27,24,3.48,LED ON,255,Cuvette Light
2023/7/30 (Sunday) 13:0:11,25,25462,2,26,24,3.62,LED ON,255,Cuvette Light
2023/7/30 (Sunday) 13:0:17,25,25865,3,27,24,3.48,LED ON,255,Cuvette Light
2023/7/30 (Sunday) 13:0:17,26,26169,3,27,24,3.48,LED ON,255,Cuvette Light
2023/7/30 (Sunday) 13:0:17,26,26471,3,27,24,3.48,LED ON,255,Cuvette Light
2023/7/30 (Sunday) 13:0:17,26,26774,3,27,24,3.48,LED ON,255,Cuvette Light
2023/7/30 (Sunday) 13:0:17,27,27076,3,27,24,3.48,LED ON,255,Cuvette Light
2023/7/30 (Sunday) 13:0:17,27,27378,3,27,24,3.48,LED ON,255,Cuvette Light
2023/7/30 (Sunday) 13:0:17,27,27680,3,27,24,3.48,LED ON,255,Cuvette Light
2023/7/30 (Sunday) 13:0:17,27,27983,3,27,24,3.48,LED ON,255,Cuvette Light
2023/7/30 (Sunday) 13:0:17,28,28286,3,26,23,3.32,LED ON,255,Cuvette Light
2023/7/30 (Sunday) 13:0:17,28,28589,3,27,24,3.48,LED ON,255,Cuvette Light
2023/7/30 (Sunday) 13:0:17,28,28891,3,27,24,3.48,LED ON,255,Cuvette Light
2023/7/30 (Sunday) 13:0:17,29,29193,3,26,23,3.32,LED ON,255,Cuvette Light
2023/7/30 (Sunday) 13:0:17,29,29496,3,27,24,3.48,LED ON,255,Cuvette Light
2023/7/30 (Sunday) 13:0:17,29,29798,2,27,25,3.78,LED ON,255,Cuvette Light
2023/7/30 (Sunday) 13:0:17,30,30100,3,27,24,3.48,LED ON,255,Cuvette Light
2023/7/30 (Sunday) 13:0:17,30,30403,3,27,24,3.48,LED ON,255,Cuvette Light
2023/7/30 (Sunday) 13:0:17,30,30705,3,27,24,3.48,LED ON,255,Cuvette Light
2023/7/30 (Sunday) 13:0:17,31,31007,3,27,24,3.48,LED ON,255,Cuvette Light
2023/7/30 (Sunday) 13:0:17,31,31310,3,27,24,3.48,LED ON,255,Cuvette Light
2023/7/30 (Sunday) 13:0:17,31,31612,3,27,24,3.48,LED ON,255,Cuvette Light
2023/7/30 (Sunday) 13:0:23,32,32016,3,27,24,3.48,LED ON,255,Cuvette Light
2023/7/30 (Sunday) 13:0:23,32,32318,3,27,24,3.48,LED ON,255,Cuvette Light
2023/7/30 (Sunday) 13:0:23,32,32621,3,26,23,3.32,LED ON,255,Cuvette Light
2023/7/30 (Sunday) 13:0:23,32,32923,3,27,24,3.48,LED ON,255,Cuvette Light
2023/7/30 (Sunday) 13:0:23,33,33225,3,27,24,3.48,LED ON,255,Cuvette Light
2023/7/30 (Sunday) 13:0:23,33,33527,3,27,24,3.48,LED ON,255,Cuvette Light
2023/7/30 (Sunday) 13:0:23,33,33829,2,27,25,3.78,LED ON,255,Cuvette Light
2023/7/30 (Sunday) 13:0:23,34,34132,3,27,24,3.48,LED ON,255,Cuvette Light
2023/7/30 (Sunday) 13:0:23,34,34434,3,27,24,3.48,LED ON,255,Cuvette Light
2023/7/30 (Sunday) 13:0:23,34,34738,3,27,24,3.48,LED ON,255,Cuvette Light
2023/7/30 (Sunday) 13:0:23,35,35040,3,27,24,3.48,LED ON,255,Cuvette Light
2023/7/30 (Sunday) 13:0:23,35,35342,3,27,24,3.48,LED ON,255,Cuvette Light
2023/7/30 (Sunday) 13:0:23,35,35644,3,27,24,3.48,LED ON,255,Cuvette Light
2023/7/30 (Sunday) 13:0:23,35,35946,3,27,24,3.48,LED ON,255,Cuvette Light
2023/7/30 (Sunday) 13:0:23,36,36249,3,27,24,3.48,LED ON,255,Cuvette Light
2023/7/30 (Sunday) 13:0:23,36,36551,3,27,24,3.48,LED ON,255,Cuvette Light
2023/7/30 (Sunday) 13:0:23,36,36854,3,27,24,3.48,LED ON,255,Cuvette Light
2023/7/30 (Sunday) 13:0:23,37,37156,3,27,24,3.48,LED ON,255,Cuvette Light
2023/7/30 (Sunday) 13:0:23,37,37458,3,26,23,3.32,LED ON,255,Cuvette Light
2023/7/30 (Sunday) 13:0:23,37,37761,3,27,24,3.48,LED ON,255,Cuvette Light
2023/7/30 (Sunday) 13:0:29,38,38165,2,27,25,3.78,LED ON,255,Cuvette Light
2023/7/30 (Sunday) 13:0:29,38,38468,3,27,24,3.48,LED ON,255,Cuvette Light
2023/7/30 (Sunday) 13:0:29,38,38771,3,26,23,3.32,LED ON,255,Cuvette Light
2023/7/30 (Sunday) 13:0:29,39,39073,3,26,23,3.32,LED ON,255,Cuvette Light
2023/7/30 (Sunday) 13:0:29,39,39376,3,27,24,3.48,LED ON,255,Cuvette Light
2023/7/30 (Sunday) 13:0:29,39,39678,3,26,23,3.32,LED ON,255,Cuvette Light
2023/7/30 (Sunday) 13:0:29,39,39980,3,27,24,3.48,LED ON,255,Cuvette Light
2023/7/30 (Sunday) 13:0:29,40,40282,3,27,24,3.48,LED ON,255,Cuvette Light
2023/7/30 (Sunday) 13:0:29,40,40584,2,26,24,3.62,LED ON,255,Cuvette Light
2023/7/30 (Sunday) 13:0:29,40,40888,3,27,24,3.48,LED ON,255,Cuvette Light
2023/7/30 (Sunday) 13:0:29,41,41190,3,27,24,3.48,LED ON,255,Cuvette Light
2023/7/30 (Sunday) 13:0:29,41,41492,3,27,24,3.48,LED ON,255,Cuvette Light
2023/7/30 (Sunday) 13:0:29,41,41794,3,27,24,3.48,LED ON,255,Cuvette Light
2023/7/30 (Sunday) 13:0:29,42,42097,3,27,24,3.48,LED ON,255,Cuvette Light
2023/7/30 (Sunday) 13:0:29,42,42399,3,27,24,3.48,LED ON,255,Cuvette Light
2023/7/30 (Sunday) 13:0:29,42,42701,3,27,24,3.48,LED ON,255,Cuvette Light
2023/7/30 (Sunday) 13:0:29,43,43005,3,26,23,3.32,LED ON,255,Cuvette Light
2023/7/30 (Sunday) 13:0:29,43,43307,3,27,24,3.48,LED ON,255,Cuvette Light
2023/7/30 (Sunday) 13:0:29,43,43609,3,26,23,3.32,LED ON,255,Cuvette Light
2023/7/30 (Sunday) 13:0:29,43,43912,2,27,25,3.78,LED ON,255,Cuvette Light
2023/7/30 (Sunday) 13:0:35,44,44316,3,27,24,3.48,LED ON,255,Cuvette Light
2023/7/30 (Sunday) 13:0:35,44,44618,3,27,24,3.48,LED ON,255,Cuvette Light
2023/7/30 (Sunday) 13:0:35,44,44920,3,27,24,3.48,LED ON,255,Cuvette Light
2023/7/30 (Sunday) 13:0:35,45,45224,3,27,24,3.48,LED ON,255,Cuvette Light
2023/7/30 (Sunday) 13:0:35,45,45526,2,27,25,3.78,LED ON,255,Cuvette Light
2023/7/30 (Sunday) 13:0:35,45,45828,2,27,25,3.78,LED ON,255,Cuvette Light
2023/7/30 (Sunday) 13:0:35,46,46130,2,27,25,3.78,LED ON,255,Cuvette Light
2023/7/30 (Sunday) 13:0:35,46,46432,3,27,24,3.48,LED ON,255,Cuvette Light
2023/7/30 (Sunday) 13:0:35,46,46735,3,26,23,3.32,LED ON,255,Cuvette Light
2023/7/30 (Sunday) 13:0:35,47,47037,3,27,24,3.48,LED ON,255,Cuvette Light
2023/7/30 (Sunday) 13:0:35,47,47341,2,27,25,3.78,LED ON,255,Cuvette Light
2023/7/30 (Sunday) 13:0:35,47,47643,3,27,24,3.48,LED ON,255,Cuvette Light
2023/7/30 (Sunday) 13:0:35,47,47945,3,27,24,3.48,LED ON,255,Cuvette Light
2023/7/30 (Sunday) 13:0:35,48,48247,3,27,24,3.48,LED ON,255,Cuvette Light
2023/7/30 (Sunday) 13:0:35,48,48549,3,27,24,3.48,LED ON,255,Cuvette Light
2023/7/30 (Sunday) 13:0:35,48,48851,3,27,24,3.48,LED ON,255,Cuvette Light
2023/7/30 (Sunday) 13:0:35,49,49154,3,27,24,3.48,LED ON,255,Cuvette Light
2023/7/30 (Sunday) 13:0:35,49,49456,2,27,25,3.78,LED ON,255,Cuvette Light
2023/7/30 (Sunday) 13:0:35,49,49758,3,27,24,3.48,LED ON,255,Cuvette Light
2023/7/30 (Sunday) 13:0:35,50,50061,3,27,24,3.48,LED ON,255,Cuvette Light
2023/7/30 (Sunday) 13:0:41,50,50464,3,27,24,3.48,LED ON,255,Cuvette Light
2023/7/30 (Sunday) 13:0:41,50,50767,3,26,23,3.32,LED ON,255,Cuvette Light
2023/7/30 (Sunday) 13:0:41,51,51069,2,27,25,3.78,LED ON,255,Cuvette Light
2023/7/30 (Sunday) 13:0:41,51,51372,3,27,24,3.48,LED ON,255,Cuvette Light
2023/7/30 (Sunday) 13:0:41,51,51674,3,27,24,3.48,LED ON,255,Cuvette Light
2023/7/30 (Sunday) 13:0:41,51,51977,3,27,24,3.48,LED ON,255,Cuvette Light
2023/7/30 (Sunday) 13:0:41,52,52279,2,27,25,3.78,LED ON,255,Cuvette Light
2023/7/30 (Sunday) 13:0:41,52,52581,3,27,24,3.48,LED ON,255,Cuvette Light
2023/7/30 (Sunday) 13:0:41,52,52883,3,26,23,3.32,LED ON,255,Cuvette Light
2023/7/30 (Sunday) 13:0:41,53,53185,3,27,24,3.48,LED ON,255,Cuvette Light
2023/7/30 (Sunday) 13:0:41,53,53489,3,27,24,3.48,LED ON,255,Cuvette Light
2023/7/30 (Sunday) 13:0:41,53,53791,3,27,24,3.48,LED ON,255,Cuvette Light
2023/7/30 (Sunday) 13:0:41,54,54094,3,27,24,3.48,LED ON,255,Cuvette Light
2023/7/30 (Sunday) 13:0:41,54,54396,3,27,24,3.48,LED ON,255,Cuvette Light
2023/7/30 (Sunday) 13:0:41,54,54698,3,27,24,3.48,LED ON,255,Cuvette Light
2023/7/30 (Sunday) 13:0:41,55,55000,3,27,24,3.48,LED ON,255,Cuvette Light
2023/7/30 (Sunday) 13:0:41,55,55302,3,27,24,3.48,LED ON,255,Cuvette Light
2023/7/30 (Sunday) 13:0:41,55,55606,3,27,24,3.48,LED ON,255,Cuvette Light
2023/7/30 (Sunday) 13:0:41,55,55908,3,27,24,3.48,LED ON,255,Cuvette Light
2023/7/30 (Sunday) 13:0:41,56,56211,3,27,24,3.48,LED ON,255,Cuvette Light
2023/7/30 (Sunday) 13:0:48,56,56615,3,27,24,3.48,LED ON,255,Cuvette Light
2023/7/30 (Sunday) 13:0:48,56,56917,3,27,24,3.48,LED ON,255,Cuvette Light
2023/7/30 (Sunday) 13:0:48,57,57220,3,27,24,3.48,LED ON,255,Cuvette Light
2023/7/30 (Sunday) 13:0:48,57,57522,3,27,24,3.48,LED ON,255,Cuvette Light
2023/7/30 (Sunday) 13:0:48,57,57825,3,27,24,3.48,LED ON,255,Cuvette Light
2023/7/30 (Sunday) 13:0:48,58,58128,3,27,24,3.48,LED ON,255,Cuvette Light
2023/7/30 (Sunday) 13:0:48,58,58430,3,27,24,3.48,LED ON,255,Cuvette Light
2023/7/30 (Sunday) 13:0:48,58,58732,3,27,24,3.48,LED ON,255,Cuvette Light
2023/7/30 (Sunday) 13:0:48,59,59034,3,27,24,3.48,LED ON,255,Cuvette Light
2023/7/30 (Sunday) 13:0:48,59,59337,3,27,24,3.48,LED ON,255,Cuvette Light
2023/7/30 (Sunday) 13:0:48,59,59639,2,27,25,3.78,LED ON,255,Cuvette Light
2023/7/30 (Sunday) 13:0:48,59,59943,3,27,24,3.48,LED ON,255,Cuvette Light
2023/7/30 (Sunday) 13:0:48,60,60245,3,27,24,3.48,LED ON,255,Cuvette Light
2023/7/30 (Sunday) 13:0:48,60,60547,3,27,24,3.48,LED ON,255,Cuvette Light
2023/7/30 (Sunday) 13:0:48,60,60849,3,27,24,3.48,LED ON,255,Cuvette Light
Time,Seconds, Milliseconds,IR,Full,Visible,Lux,LED Status,LED Intensity,Test
2023/7/30 (Sunday) 13:2:26,1,1266,0,1,1,0.16,LED OFF,0,DI Water Dark
2023/7/30 (Sunday) 13:2:26,1,1570,0,1,1,0.16,LED OFF,0,DI Water Dark
2023/7/30 (Sunday) 13:2:26,1,1872,0,1,1,0.16,LED OFF,0,DI Water Dark
2023/7/30 (Sunday) 13:2:26,2,2174,0,1,1,0.16,LED OFF,0,DI Water Dark
2023/7/30 (Sunday) 13:2:26,2,2476,0,1,1,0.16,LED OFF,0,DI Water Dark
2023/7/30 (Sunday) 13:2:26,2,2778,0,1,1,0.16,LED OFF,0,DI Water Dark
2023/7/30 (Sunday) 13:2:26,3,3087,0,1,1,0.16,LED OFF,0,DI Water Dark
2023/7/30 (Sunday) 13:2:26,3,3389,0,1,1,0.16,LED OFF,0,DI Water Dark
2023/7/30 (Sunday) 13:2:26,3,3691,0,1,1,0.16,LED OFF,0,DI Water Dark
2023/7/30 (Sunday) 13:2:26,3,3994,0,1,1,0.16,LED OFF,0,DI Water Dark
2023/7/30 (Sunday) 13:2:26,4,4296,0,1,1,0.16,LED OFF,0,DI Water Dark
2023/7/30 (Sunday) 13:2:26,4,4598,0,1,1,0.16,LED OFF,0,DI Water Dark
2023/7/30 (Sunday) 13:2:26,4,4900,0,1,1,0.16,LED OFF,0,DI Water Dark
2023/7/30 (Sunday) 13:2:26,5,5204,0,1,1,0.16,LED OFF,0,DI Water Dark
2023/7/30 (Sunday) 13:2:26,5,5506,0,1,1,0.16,LED OFF,0,DI Water Dark
2023/7/30 (Sunday) 13:2:26,5,5809,0,1,1,0.16,LED OFF,0,DI Water Dark
2023/7/30 (Sunday) 13:2:26,6,6111,0,1,1,0.16,LED OFF,0,DI Water Dark
2023/7/30 (Sunday) 13:2:26,6,6413,0,1,1,0.16,LED OFF,0,DI Water Dark
2023/7/30 (Sunday) 13:2:26,6,6716,0,1,1,0.16,LED OFF,0,DI Water Dark
2023/7/30 (Sunday) 13:2:26,7,7018,0,1,1,0.16,LED OFF,0,DI Water Dark
2023/7/30 (Sunday) 13:2:32,7,7422,0,1,1,0.16,LED OFF,0,DI Water Dark
2023/7/30 (Sunday) 13:2:32,7,7726,0,1,1,0.16,LED OFF,0,DI Water Dark
2023/7/30 (Sunday) 13:2:32,8,8028,0,1,1,0.16,LED OFF,0,DI Water Dark
2023/7/30 (Sunday) 13:2:32,8,8330,0,1,1,0.16,LED OFF,0,DI Water Dark
2023/7/30 (Sunday) 13:2:32,8,8632,0,1,1,0.16,LED OFF,0,DI Water Dark
2023/7/30 (Sunday) 13:2:32,8,8934,0,1,1,0.16,LED OFF,0,DI Water Dark
2023/7/30 (Sunday) 13:2:32,9,9237,0,1,1,0.16,LED OFF,0,DI Water Dark
2023/7/30 (Sunday) 13:2:32,9,9539,0,1,1,0.16,LED OFF,0,DI Water Dark
2023/7/30 (Sunday) 13:2:32,9,9842,0,1,1,0.16,LED OFF,0,DI Water Dark
2023/7/30 (Sunday) 13:2:32,10,10144,0,1,1,0.16,LED OFF,0,DI Water Dark
2023/7/30 (Sunday) 13:2:32,10,10448,0,1,1,0.16,LED OFF,0,DI Water Dark
2023/7/30 (Sunday) 13:2:32,10,10750,0,1,1,0.16,LED OFF,0,DI Water Dark
2023/7/30 (Sunday) 13:2:32,11,11052,0,1,1,0.16,LED OFF,0,DI Water Dark
2023/7/30 (Sunday) 13:2:32,11,11354,0,1,1,0.16,LED OFF,0,DI Water Dark
2023/7/30 (Sunday) 13:2:32,11,11656,0,1,1,0.16,LED OFF,0,DI Water Dark
2023/7/30 (Sunday) 13:2:32,11,11960,0,1,1,0.16,LED OFF,0,DI Water Dark
2023/7/30 (Sunday) 13:2:32,12,12262,0,1,1,0.16,LED OFF,0,DI Water Dark
2023/7/30 (Sunday) 13:2:32,12,12564,0,1,1,0.16,LED OFF,0,DI Water Dark
2023/7/30 (Sunday) 13:2:32,12,12866,0,1,1,0.16,LED OFF,0,DI Water Dark
2023/7/30 (Sunday) 13:2:32,13,13168,0,1,1,0.16,LED OFF,0,DI Water Dark
2023/7/30 (Sunday) 13:2:38,13,13572,0,1,1,0.16,LED OFF,0,DI Water Dark
2023/7/30 (Sunday) 13:2:38,13,13874,0,1,1,0.16,LED OFF,0,DI Water Dark
2023/7/30 (Sunday) 13:2:38,14,14178,0,1,1,0.16,LED OFF,0,DI Water Dark
2023/7/30 (Sunday) 13:2:38,14,14480,0,1,1,0.16,LED OFF,0,DI Water Dark
2023/7/30 (Sunday) 13:2:38,14,14782,0,1,1,0.16,LED OFF,0,DI Water Dark
2023/7/30 (Sunday) 13:2:38,15,15084,0,1,1,0.16,LED OFF,0,DI Water Dark
2023/7/30 (Sunday) 13:2:38,15,15387,0,1,1,0.16,LED OFF,0,DI Water Dark
2023/7/30 (Sunday) 13:2:38,15,15689,0,1,1,0.16,LED OFF,0,DI Water Dark
2023/7/30 (Sunday) 13:2:38,15,15991,0,1,1,0.16,LED OFF,0,DI Water Dark
2023/7/30 (Sunday) 13:2:38,16,16295,0,1,1,0.16,LED OFF,0,DI Water Dark
2023/7/30 (Sunday) 13:2:38,16,16596,0,1,1,0.16,LED OFF,0,DI Water Dark
2023/7/30 (Sunday) 13:2:38,16,16898,0,1,1,0.16,LED OFF,0,DI Water Dark
2023/7/30 (Sunday) 13:2:38,17,17200,0,1,1,0.16,LED OFF,0,DI Water Dark
2023/7/30 (Sunday) 13:2:38,17,17502,0,1,1,0.16,LED OFF,0,DI Water Dark
2023/7/30 (Sunday) 13:2:38,17,17804,0,1,1,0.16,LED OFF,0,DI Water Dark
2023/7/30 (Sunday) 13:2:38,18,18106,0,1,1,0.16,LED OFF,0,DI Water Dark
2023/7/30 (Sunday) 13:2:38,18,18410,0,1,1,0.16,LED OFF,0,DI Water Dark
2023/7/30 (Sunday) 13:2:38,18,18712,0,1,1,0.16,LED OFF,0,DI Water Dark
2023/7/30 (Sunday) 13:2:38,19,19014,0,1,1,0.16,LED OFF,0,DI Water Dark
2023/7/30 (Sunday) 13:2:38,19,19317,0,1,1,0.16,LED OFF,0,DI Water Dark
2023/7/30 (Sunday) 13:2:44,19,19721,0,1,1,0.16,LED OFF,0,DI Water Dark
2023/7/30 (Sunday) 13:2:44,20,20023,0,1,1,0.16,LED OFF,0,DI Water Dark
2023/7/30 (Sunday) 13:2:44,20,20325,0,1,1,0.16,LED OFF,0,DI Water Dark
2023/7/30 (Sunday) 13:2:44,20,20628,0,1,1,0.16,LED OFF,0,DI Water Dark
2023/7/30 (Sunday) 13:2:44,20,20931,0,1,1,0.16,LED OFF,0,DI Water Dark
2023/7/30 (Sunday) 13:2:44,21,21234,0,1,1,0.16,LED OFF,0,DI Water Dark
2023/7/30 (Sunday) 13:2:44,21,21536,0,1,1,0.16,LED OFF,0,DI Water Dark
2023/7/30 (Sunday) 13:2:44,21,21838,0,1,1,0.16,LED OFF,0,DI Water Dark
2023/7/30 (Sunday) 13:2:44,22,22140,0,1,1,0.16,LED OFF,0,DI Water Dark
2023/7/30 (Sunday) 13:2:44,22,22442,0,1,1,0.16,LED OFF,0,DI Water Dark
2023/7/30 (Sunday) 13:2:44,22,22744,0,1,1,0.16,LED OFF,0,DI Water Dark
2023/7/30 (Sunday) 13:2:44,23,23048,0,1,1,0.16,LED OFF,0,DI Water Dark
2023/7/30 (Sunday) 13:2:44,23,23350,0,1,1,0.16,LED OFF,0,DI Water Dark
2023/7/30 (Sunday) 13:2:44,23,23653,0,1,1,0.16,LED OFF,0,DI Water Dark
2023/7/30 (Sunday) 13:2:44,23,23955,0,1,1,0.16,LED OFF,0,DI Water Dark
2023/7/30 (Sunday) 13:2:44,24,24257,0,1,1,0.16,LED OFF,0,DI Water Dark
2023/7/30 (Sunday) 13:2:44,24,24559,0,1,1,0.16,LED OFF,0,DI Water Dark
2023/7/30 (Sunday) 13:2:44,24,24861,0,1,1,0.16,LED OFF,0,DI Water Dark
2023/7/30 (Sunday) 13:2:44,25,25165,0,1,1,0.16,LED OFF,0,DI Water Dark
2023/7/30 (Sunday) 13:2:44,25,25467,0,1,1,0.16,LED OFF,0,DI Water Dark
2023/7/30 (Sunday) 13:2:51,25,25871,0,1,1,0.16,LED OFF,0,DI Water Dark
2023/7/30 (Sunday) 13:2:51,26,26173,0,1,1,0.16,LED OFF,0,DI Water Dark
2023/7/30 (Sunday) 13:2:51,26,26476,0,1,1,0.16,LED OFF,0,DI Water Dark
2023/7/30 (Sunday) 13:2:51,26,26778,0,1,1,0.16,LED OFF,0,DI Water Dark
2023/7/30 (Sunday) 13:2:51,27,27080,0,1,1,0.16,LED OFF,0,DI Water Dark
2023/7/30 (Sunday) 13:2:51,27,27383,0,1,1,0.16,LED OFF,0,DI Water Dark
2023/7/30 (Sunday) 13:2:51,27,27686,0,1,1,0.16,LED OFF,0,DI Water Dark
2023/7/30 (Sunday) 13:2:51,27,27988,0,1,1,0.16,LED OFF,0,DI Water Dark
2023/7/30 (Sunday) 13:2:51,28,28291,0,1,1,0.16,LED OFF,0,DI Water Dark
2023/7/30 (Sunday) 13:2:51,28,28593,0,1,1,0.16,LED OFF,0,DI Water Dark
2023/7/30 (Sunday) 13:2:51,28,28895,0,1,1,0.16,LED OFF,0,DI Water Dark
2023/7/30 (Sunday) 13:2:51,29,29198,0,1,1,0.16,LED OFF,0,DI Water Dark
2023/7/30 (Sunday) 13:2:51,29,29501,0,1,1,0.16,LED OFF,0,DI Water Dark
2023/7/30 (Sunday) 13:2:51,29,29803,0,1,1,0.16,LED OFF,0,DI Water Dark
2023/7/30 (Sunday) 13:2:51,30,30106,0,1,1,0.16,LED OFF,0,DI Water Dark
2023/7/30 (Sunday) 13:2:51,30,30408,0,1,1,0.16,LED OFF,0,DI Water Dark
2023/7/30 (Sunday) 13:2:51,30,30710,0,1,1,0.16,LED OFF,0,DI Water Dark
2023/7/30 (Sunday) 13:2:51,31,31012,0,1,1,0.16,LED OFF,0,DI Water Dark
2023/7/30 (Sunday) 13:2:51,31,31315,0,1,1,0.16,LED OFF,0,DI Water Dark
2023/7/30 (Sunday) 13:2:51,31,31618,0,1,1,0.16,LED OFF,0,DI Water Dark
2023/7/30 (Sunday) 13:2:57,32,32022,0,1,1,0.16,LED OFF,0,DI Water Dark
2023/7/30 (Sunday) 13:2:57,32,32325,0,1,1,0.16,LED OFF,0,DI Water Dark
2023/7/30 (Sunday) 13:2:57,32,32627,0,1,1,0.16,LED OFF,0,DI Water Dark
2023/7/30 (Sunday) 13:2:57,32,32929,0,1,1,0.16,LED OFF,0,DI Water Dark
2023/7/30 (Sunday) 13:2:57,33,33231,0,1,1,0.16,LED OFF,0,DI Water Dark
2023/7/30 (Sunday) 13:2:57,33,33533,0,1,1,0.16,LED OFF,0,DI Water Dark
2023/7/30 (Sunday) 13:2:57,33,33837,1,1,0,0.00,LED OFF,0,DI Water Dark
2023/7/30 (Sunday) 13:2:57,34,34139,0,1,1,0.16,LED OFF,0,DI Water Dark
2023/7/30 (Sunday) 13:2:57,34,34441,0,1,1,0.16,LED OFF,0,DI Water Dark
2023/7/30 (Sunday) 13:2:57,34,34743,0,1,1,0.16,LED OFF,0,DI Water Dark
2023/7/30 (Sunday) 13:2:57,35,35045,0,1,1,0.16,LED OFF,0,DI Water Dark
2023/7/30 (Sunday) 13:2:57,35,35347,0,1,1,0.16,LED OFF,0,DI Water Dark
2023/7/30 (Sunday) 13:2:57,35,35649,0,1,1,0.16,LED OFF,0,DI Water Dark
2023/7/30 (Sunday) 13:2:57,35,35953,0,1,1,0.16,LED OFF,0,DI Water Dark
2023/7/30 (Sunday) 13:2:57,36,36255,0,1,1,0.16,LED OFF,0,DI Water Dark
2023/7/30 (Sunday) 13:2:57,36,36557,0,1,1,0.16,LED OFF,0,DI Water Dark
2023/7/30 (Sunday) 13:2:57,36,36859,0,1,1,0.16,LED OFF,0,DI Water Dark
2023/7/30 (Sunday) 13:2:57,37,37161,0,1,1,0.16,LED OFF,0,DI Water Dark
2023/7/30 (Sunday) 13:2:57,37,37464,0,1,1,0.16,LED OFF,0,DI Water Dark
2023/7/30 (Sunday) 13:2:57,37,37766,0,1,1,0.16,LED OFF,0,DI Water Dark
2023/7/30 (Sunday) 13:3:3,38,38171,0,1,1,0.16,LED OFF,0,DI Water Dark
2023/7/30 (Sunday) 13:3:3,38,38473,0,1,1,0.16,LED OFF,0,DI Water Dark
2023/7/30 (Sunday) 13:3:3,38,38775,0,1,1,0.16,LED OFF,0,DI Water Dark
2023/7/30 (Sunday) 13:3:3,39,39077,0,1,1,0.16,LED OFF,0,DI Water Dark
2023/7/30 (Sunday) 13:3:3,39,39379,0,1,1,0.16,LED OFF,0,DI Water Dark
2023/7/30 (Sunday) 13:3:3,39,39681,0,1,1,0.16,LED OFF,0,DI Water Dark
2023/7/30 (Sunday) 13:3:3,39,39984,0,1,1,0.16,LED OFF,0,DI Water Dark
2023/7/30 (Sunday) 13:3:3,40,40286,0,1,1,0.16,LED OFF,0,DI Water Dark
2023/7/30 (Sunday) 13:3:3,40,40589,0,1,1,0.16,LED OFF,0,DI Water Dark
2023/7/30 (Sunday) 13:3:3,40,40892,0,1,1,0.16,LED OFF,0,DI Water Dark
2023/7/30 (Sunday) 13:3:3,41,41194,0,1,1,0.16,LED OFF,0,DI Water Dark
2023/7/30 (Sunday) 13:3:3,41,41496,0,1,1,0.16,LED OFF,0,DI Water Dark
2023/7/30 (Sunday) 13:3:3,41,41798,0,1,1,0.16,LED OFF,0,DI Water Dark
2023/7/30 (Sunday) 13:3:3,42,42100,0,1,1,0.16,LED OFF,0,DI Water Dark
2023/7/30 (Sunday) 13:3:3,42,42402,0,1,1,0.16,LED OFF,0,DI Water Dark
2023/7/30 (Sunday) 13:3:3,42,42706,0,1,1,0.16,LED OFF,0,DI Water Dark
2023/7/30 (Sunday) 13:3:3,43,43008,0,1,1,0.16,LED OFF,0,DI Water Dark
2023/7/30 (Sunday) 13:3:3,43,43310,0,1,1,0.16,LED OFF,0,DI Water Dark
2023/7/30 (Sunday) 13:3:3,43,43613,0,1,1,0.16,LED OFF,0,DI Water Dark
2023/7/30 (Sunday) 13:3:3,43,43915,0,1,1,0.16,LED OFF,0,DI Water Dark
2023/7/30 (Sunday) 13:3:9,44,44319,0,1,1,0.16,LED OFF,0,DI Water Dark
2023/7/30 (Sunday) 13:3:9,44,44621,0,1,1,0.16,LED OFF,0,DI Water Dark
2023/7/30 (Sunday) 13:3:9,44,44925,0,1,1,0.16,LED OFF,0,DI Water Dark
2023/7/30 (Sunday) 13:3:9,45,45227,0,1,1,0.16,LED OFF,0,DI Water Dark
2023/7/30 (Sunday) 13:3:9,45,45529,0,1,1,0.16,LED OFF,0,DI Water Dark
2023/7/30 (Sunday) 13:3:9,45,45831,0,1,1,0.16,LED OFF,0,DI Water Dark
2023/7/30 (Sunday) 13:3:9,46,46133,0,1,1,0.16,LED OFF,0,DI Water Dark
2023/7/30 (Sunday) 13:3:9,46,46437,0,1,1,0.16,LED OFF,0,DI Water Dark
2023/7/30 (Sunday) 13:3:9,46,46739,0,1,1,0.16,LED OFF,0,DI Water Dark
2023/7/30 (Sunday) 13:3:9,47,47042,0,1,1,0.16,LED OFF,0,DI Water Dark
2023/7/30 (Sunday) 13:3:9,47,47344,0,1,1,0.16,LED OFF,0,DI Water Dark
2023/7/30 (Sunday) 13:3:9,47,47647,0,1,1,0.16,LED OFF,0,DI Water Dark
2023/7/30 (Sunday) 13:3:9,47,47949,0,1,1,0.16,LED OFF,0,DI Water Dark
2023/7/30 (Sunday) 13:3:9,48,48251,0,1,1,0.16,LED OFF,0,DI Water Dark
2023/7/30 (Sunday) 13:3:9,48,48553,0,1,1,0.16,LED OFF,0,DI Water Dark
2023/7/30 (Sunday) 13:3:9,48,48855,0,1,1,0.16,LED OFF,0,DI Water Dark
2023/7/30 (Sunday) 13:3:9,49,49159,0,1,1,0.16,LED OFF,0,DI Water Dark
2023/7/30 (Sunday) 13:3:9,49,49461,0,1,1,0.16,LED OFF,0,DI Water Dark
2023/7/30 (Sunday) 13:3:9,49,49763,0,1,1,0.16,LED OFF,0,DI Water Dark
2023/7/30 (Sunday) 13:3:9,50,50065,0,1,1,0.16,LED OFF,0,DI Water Dark
2023/7/30 (Sunday) 13:3:15,50,50469,0,1,1,0.16,LED OFF,0,DI Water Dark
2023/7/30 (Sunday) 13:3:15,50,50771,0,1,1,0.16,LED OFF,0,DI Water Dark
2023/7/30 (Sunday) 13:3:15,51,51073,0,1,1,0.16,LED OFF,0,DI Water Dark
2023/7/30 (Sunday) 13:3:15,51,51375,0,1,1,0.16,LED OFF,0,DI Water Dark
2023/7/30 (Sunday) 13:3:15,51,51679,0,1,1,0.16,LED OFF,0,DI Water Dark
2023/7/30 (Sunday) 13:3:15,51,51981,0,1,1,0.16,LED OFF,0,DI Water Dark
2023/7/30 (Sunday) 13:3:15,52,52283,0,1,1,0.16,LED OFF,0,DI Water Dark
2023/7/30 (Sunday) 13:3:15,52,52585,0,1,1,0.16,LED OFF,0,DI Water Dark
2023/7/30 (Sunday) 13:3:15,52,52887,0,1,1,0.16,LED OFF,0,DI Water Dark
2023/7/30 (Sunday) 13:3:15,53,53189,0,1,1,0.16,LED OFF,0,DI Water Dark
2023/7/30 (Sunday) 13:3:15,53,53491,0,1,1,0.16,LED OFF,0,DI Water Dark
2023/7/30 (Sunday) 13:3:15,53,53795,0,1,1,0.16,LED OFF,0,DI Water Dark
2023/7/30 (Sunday) 13:3:15,54,54097,0,1,1,0.16,LED OFF,0,DI Water Dark
2023/7/30 (Sunday) 13:3:15,54,54399,0,1,1,0.16,LED OFF,0,DI Water Dark
2023/7/30 (Sunday) 13:3:15,54,54701,0,1,1,0.16,LED OFF,0,DI Water Dark
2023/7/30 (Sunday) 13:3:15,55,55003,0,1,1,0.16,LED OFF,0,DI Water Dark
2023/7/30 (Sunday) 13:3:15,55,55306,0,1,1,0.16,LED OFF,0,DI Water Dark
2023/7/30 (Sunday) 13:3:15,55,55608,0,1,1,0.16,LED OFF,0,DI Water Dark
2023/7/30 (Sunday) 13:3:15,55,55912,0,1,1,0.16,LED OFF,0,DI Water Dark
2023/7/30 (Sunday) 13:3:15,56,56214,0,1,1,0.16,LED OFF,0,DI Water Dark
2023/7/30 (Sunday) 13:3:21,56,56618,0,1,1,0.16,LED OFF,0,DI Water Dark
2023/7/30 (Sunday) 13:3:21,56,56920,0,1,1,0.16,LED OFF,0,DI Water Dark
2023/7/30 (Sunday) 13:3:21,57,57222,0,1,1,0.16,LED OFF,0,DI Water Dark
2023/7/30 (Sunday) 13:3:21,57,57524,0,1,1,0.16,LED OFF,0,DI Water Dark
2023/7/30 (Sunday) 13:3:21,57,57826,0,1,1,0.16,LED OFF,0,DI Water Dark
2023/7/30 (Sunday) 13:3:21,58,58130,0,1,1,0.16,LED OFF,0,DI Water Dark
2023/7/30 (Sunday) 13:3:21,58,58432,0,1,1,0.16,LED OFF,0,DI Water Dark
2023/7/30 (Sunday) 13:3:21,58,58734,0,1,1,0.16,LED OFF,0,DI Water Dark
2023/7/30 (Sunday) 13:3:21,59,59037,0,1,1,0.16,LED OFF,0,DI Water Dark
2023/7/30 (Sunday) 13:3:21,59,59339,0,1,1,0.16,LED OFF,0,DI Water Dark
2023/7/30 (Sunday) 13:3:21,59,59641,0,1,1,0.16,LED OFF,0,DI Water Dark
2023/7/30 (Sunday) 13:3:21,59,59943,0,1,1,0.16,LED OFF,0,DI Water Dark
2023/7/30 (Sunday) 13:3:21,60,60247,0,1,1,0.16,LED OFF,0,DI Water Dark
2023/7/30 (Sunday) 13:3:21,60,60549,0,1,1,0.16,LED OFF,0,DI Water Dark
2023/7/30 (Sunday) 13:3:21,60,60851,0,1,1,0.16,LED OFF,0,DI Water Dark
2023/7/30 (Sunday) 13:3:21,61,61153,0,1,1,0.16,LED OFF,0,DI Water Dark
2023/7/30 (Sunday) 13:3:21,61,61455,0,1,1,0.16,LED OFF,0,DI Water Dark
2023/7/30 (Sunday) 13:3:21,61,61758,0,1,1,0.16,LED OFF,0,DI Water Dark
2023/7/30 (Sunday) 13:3:21,62,62060,0,1,1,0.16,LED OFF,0,DI Water Dark
2023/7/30 (Sunday) 13:3:21,62,62363,0,1,1,0.16,LED OFF,0,DI Water Dark
2023/7/30 (Sunday) 13:3:27,62,62767,0,1,1,0.16,LED OFF,0,DI Water Dark
2023/7/30 (Sunday) 13:3:27,63,63069,0,1,1,0.16,LED OFF,0,DI Water Dark
2023/7/30 (Sunday) 13:3:27,63,63371,0,1,1,0.16,LED OFF,0,DI Water Dark
2023/7/30 (Sunday) 13:3:27,63,63673,0,1,1,0.16,LED OFF,0,DI Water Dark
2023/7/30 (Sunday) 13:3:27,63,63975,0,1,1,0.16,LED OFF,0,DI Water Dark
2023/7/30 (Sunday) 13:3:27,64,64279,0,1,1,0.16,LED OFF,0,DI Water Dark
2023/7/30 (Sunday) 13:3:27,64,64582,0,1,1,0.16,LED OFF,0,DI Water Dark
2023/7/30 (Sunday) 13:3:27,64,64884,0,1,1,0.16,LED OFF,0,DI Water Dark
2023/7/30 (Sunday) 13:3:27,65,65186,0,1,1,0.16,LED OFF,0,DI Water Dark
2023/7/30 (Sunday) 13:3:27,65,65489,0,1,1,0.16,LED OFF,0,DI Water Dark
Time,Seconds, Milliseconds,IR,Full,Visible,Lux,LED Status,LED Intensity,Test
2023/7/30 (Sunday) 13:3:43,1,1266,1,6,5,0.68,LED ON,255,DI Water Light
2023/7/30 (Sunday) 13:3:43,1,1568,1,6,5,0.68,LED ON,255,DI Water Light
2023/7/30 (Sunday) 13:3:43,1,1872,1,6,5,0.68,LED ON,255,DI Water Light
2023/7/30 (Sunday) 13:3:43,2,2174,0,6,6,0.98,LED ON,255,DI Water Light
2023/7/30 (Sunday) 13:3:43,2,2476,1,6,5,0.68,LED ON,255,DI Water Light
2023/7/30 (Sunday) 13:3:43,2,2778,0,6,6,0.98,LED ON,255,DI Water Light
2023/7/30 (Sunday) 13:3:43,3,3080,1,6,5,0.68,LED ON,255,DI Water Light
2023/7/30 (Sunday) 13:3:43,3,3382,1,6,5,0.68,LED ON,255,DI Water Light
2023/7/30 (Sunday) 13:3:43,3,3684,1,6,5,0.68,LED ON,255,DI Water Light
2023/7/30 (Sunday) 13:3:43,3,3988,1,6,5,0.68,LED ON,255,DI Water Light
2023/7/30 (Sunday) 13:3:43,4,4290,1,6,5,0.68,LED ON,255,DI Water Light
2023/7/30 (Sunday) 13:3:43,4,4592,1,6,5,0.68,LED ON,255,DI Water Light
2023/7/30 (Sunday) 13:3:43,4,4894,1,6,5,0.68,LED ON,255,DI Water Light
2023/7/30 (Sunday) 13:3:43,5,5196,0,6,6,0.98,LED ON,255,DI Water Light
2023/7/30 (Sunday) 13:3:43,5,5498,1,6,5,0.68,LED ON,255,DI Water Light
2023/7/30 (Sunday) 13:3:43,5,5800,1,6,5,0.68,LED ON,255,DI Water Light
2023/7/30 (Sunday) 13:3:43,6,6102,1,6,5,0.68,LED ON,255,DI Water Light
2023/7/30 (Sunday) 13:3:43,6,6406,1,6,5,0.68,LED ON,255,DI Water Light
2023/7/30 (Sunday) 13:3:43,6,6708,0,6,6,0.98,LED ON,255,DI Water Light
2023/7/30 (Sunday) 13:3:43,7,7010,1,6,5,0.68,LED ON,255,DI Water Light
2023/7/30 (Sunday) 13:3:49,7,7414,1,6,5,0.68,LED ON,255,DI Water Light
2023/7/30 (Sunday) 13:3:49,7,7716,1,6,5,0.68,LED ON,255,DI Water Light
2023/7/30 (Sunday) 13:3:49,8,8018,0,6,6,0.98,LED ON,255,DI Water Light
2023/7/30 (Sunday) 13:3:49,8,8320,1,6,5,0.68,LED ON,255,DI Water Light
2023/7/30 (Sunday) 13:3:49,8,8625,1,6,5,0.68,LED ON,255,DI Water Light
2023/7/30 (Sunday) 13:3:49,8,8927,1,5,4,0.52,LED ON,255,DI Water Light
2023/7/30 (Sunday) 13:3:49,9,9229,1,6,5,0.68,LED ON,255,DI Water Light
2023/7/30 (Sunday) 13:3:49,9,9532,0,6,6,0.98,LED ON,255,DI Water Light
2023/7/30 (Sunday) 13:3:49,9,9834,1,6,5,0.68,LED ON,255,DI Water Light
2023/7/30 (Sunday) 13:3:49,10,10136,1,6,5,0.68,LED ON,255,DI Water Light
2023/7/30 (Sunday) 13:3:49,10,10439,0,6,6,0.98,LED ON,255,DI Water Light
2023/7/30 (Sunday) 13:3:49,10,10742,0,6,6,0.98,LED ON,255,DI Water Light
2023/7/30 (Sunday) 13:3:49,11,11045,0,6,6,0.98,LED ON,255,DI Water Light
2023/7/30 (Sunday) 13:3:49,11,11347,1,6,5,0.68,LED ON,255,DI Water Light
2023/7/30 (Sunday) 13:3:49,11,11654,1,6,5,0.68,LED ON,255,DI Water Light
2023/7/30 (Sunday) 13:3:49,12,12068,1,6,5,0.68,LED ON,255,DI Water Light
2023/7/30 (Sunday) 13:3:49,12,12370,1,6,5,0.68,LED ON,255,DI Water Light
2023/7/30 (Sunday) 13:3:49,12,12673,1,6,5,0.68,LED ON,255,DI Water Light
2023/7/30 (Sunday) 13:3:49,12,12977,1,6,5,0.68,LED ON,255,DI Water Light
2023/7/30 (Sunday) 13:3:49,13,13279,1,6,5,0.68,LED ON,255,DI Water Light
2023/7/30 (Sunday) 13:3:55,13,13683,1,5,4,0.52,LED ON,255,DI Water Light
2023/7/30 (Sunday) 13:3:55,13,13985,1,6,5,0.68,LED ON,255,DI Water Light
2023/7/30 (Sunday) 13:3:55,14,14287,1,6,5,0.68,LED ON,255,DI Water Light
2023/7/30 (Sunday) 13:3:55,14,14590,0,6,6,0.98,LED ON,255,DI Water Light
2023/7/30 (Sunday) 13:3:55,14,14892,1,6,5,0.68,LED ON,255,DI Water Light
2023/7/30 (Sunday) 13:3:55,15,15196,1,6,5,0.68,LED ON,255,DI Water Light
2023/7/30 (Sunday) 13:3:55,15,15498,0,6,6,0.98,LED ON,255,DI Water Light
2023/7/30 (Sunday) 13:3:55,15,15800,1,6,5,0.68,LED ON,255,DI Water Light
2023/7/30 (Sunday) 13:3:55,16,16102,1,6,5,0.68,LED ON,255,DI Water Light
2023/7/30 (Sunday) 13:3:55,16,16405,1,6,5,0.68,LED ON,255,DI Water Light
2023/7/30 (Sunday) 13:3:55,16,16707,1,6,5,0.68,LED ON,255,DI Water Light
2023/7/30 (Sunday) 13:3:55,17,17011,1,6,5,0.68,LED ON,255,DI Water Light
2023/7/30 (Sunday) 13:3:55,17,17313,0,6,6,0.98,LED ON,255,DI Water Light
2023/7/30 (Sunday) 13:3:55,17,17615,1,5,4,0.52,LED ON,255,DI Water Light
2023/7/30 (Sunday) 13:3:55,17,17918,1,6,5,0.68,LED ON,255,DI Water Light
2023/7/30 (Sunday) 13:3:55,18,18220,1,6,5,0.68,LED ON,255,DI Water Light
2023/7/30 (Sunday) 13:3:55,18,18522,1,6,5,0.68,LED ON,255,DI Water Light
2023/7/30 (Sunday) 13:3:55,18,18824,1,6,5,0.68,LED ON,255,DI Water Light
2023/7/30 (Sunday) 13:3:55,19,19128,0,6,6,0.98,LED ON,255,DI Water Light
2023/7/30 (Sunday) 13:3:55,19,19430,1,6,5,0.68,LED ON,255,DI Water Light
2023/7/30 (Sunday) 13:4:2,19,19834,0,6,6,0.98,LED ON,255,DI Water Light
2023/7/30 (Sunday) 13:4:2,20,20136,1,6,5,0.68,LED ON,255,DI Water Light
2023/7/30 (Sunday) 13:4:2,20,20438,0,6,6,0.98,LED ON,255,DI Water Light
2023/7/30 (Sunday) 13:4:2,20,20740,0,6,6,0.98,LED ON,255,DI Water Light
2023/7/30 (Sunday) 13:4:2,21,21044,0,6,6,0.98,LED ON,255,DI Water Light
2023/7/30 (Sunday) 13:4:2,21,21347,1,6,5,0.68,LED ON,255,DI Water Light
2023/7/30 (Sunday) 13:4:2,21,21649,1,6,5,0.68,LED ON,255,DI Water Light
2023/7/30 (Sunday) 13:4:2,21,21952,0,6,6,0.98,LED ON,255,DI Water Light
2023/7/30 (Sunday) 13:4:2,22,22254,1,5,4,0.52,LED ON,255,DI Water Light
2023/7/30 (Sunday) 13:4:2,22,22556,1,6,5,0.68,LED ON,255,DI Water Light
2023/7/30 (Sunday) 13:4:2,22,22858,1,6,5,0.68,LED ON,255,DI Water Light
2023/7/30 (Sunday) 13:4:2,23,23160,0,6,6,0.98,LED ON,255,DI Water Light
2023/7/30 (Sunday) 13:4:2,23,23463,1,6,5,0.68,LED ON,255,DI Water Light
2023/7/30 (Sunday) 13:4:2,23,23765,0,6,6,0.98,LED ON,255,DI Water Light
2023/7/30 (Sunday) 13:4:2,24,24067,1,6,5,0.68,LED ON,255,DI Water Light
2023/7/30 (Sunday) 13:4:2,24,24370,1,6,5,0.68,LED ON,255,DI Water Light
2023/7/30 (Sunday) 13:4:2,24,24672,1,6,5,0.68,LED ON,255,DI Water Light
2023/7/30 (Sunday) 13:4:2,24,24974,1,6,5,0.68,LED ON,255,DI Water Light
2023/7/30 (Sunday) 13:4:2,25,25276,1,6,5,0.68,LED ON,255,DI Water Light
2023/7/30 (Sunday) 13:4:2,25,25579,1,6,5,0.68,LED ON,255,DI Water Light
2023/7/30 (Sunday) 13:4:8,25,25983,0,6,6,0.98,LED ON,255,DI Water Light
2023/7/30 (Sunday) 13:4:8,26,26286,1,6,5,0.68,LED ON,255,DI Water Light
2023/7/30 (Sunday) 13:4:8,26,26588,1,6,5,0.68,LED ON,255,DI Water Light
2023/7/30 (Sunday) 13:4:8,26,26890,1,6,5,0.68,LED ON,255,DI Water Light
2023/7/30 (Sunday) 13:4:8,27,27192,1,6,5,0.68,LED ON,255,DI Water Light
2023/7/30 (Sunday) 13:4:8,27,27494,0,6,6,0.98,LED ON,255,DI Water Light
2023/7/30 (Sunday) 13:4:8,27,27798,0,6,6,0.98,LED ON,255,DI Water Light
2023/7/30 (Sunday) 13:4:8,28,28100,1,6,5,0.68,LED ON,255,DI Water Light
2023/7/30 (Sunday) 13:4:8,28,28402,0,6,6,0.98,LED ON,255,DI Water Light
2023/7/30 (Sunday) 13:4:8,28,28705,1,6,5,0.68,LED ON,255,DI Water Light
2023/7/30 (Sunday) 13:4:8,29,29007,0,6,6,0.98,LED ON,255,DI Water Light
2023/7/30 (Sunday) 13:4:8,29,29309,0,6,6,0.98,LED ON,255,DI Water Light
2023/7/30 (Sunday) 13:4:8,29,29612,0,6,6,0.98,LED ON,255,DI Water Light
2023/7/30 (Sunday) 13:4:8,29,29916,1,6,5,0.68,LED ON,255,DI Water Light
2023/7/30 (Sunday) 13:4:8,30,30218,1,6,5,0.68,LED ON,255,DI Water Light
2023/7/30 (Sunday) 13:4:8,30,30521,1,6,5,0.68,LED ON,255,DI Water Light
2023/7/30 (Sunday) 13:4:8,30,30823,0,6,6,0.98,LED ON,255,DI Water Light
2023/7/30 (Sunday) 13:4:8,31,31125,0,6,6,0.98,LED ON,255,DI Water Light
2023/7/30 (Sunday) 13:4:8,31,31427,1,6,5,0.68,LED ON,255,DI Water Light
2023/7/30 (Sunday) 13:4:8,31,31730,1,6,5,0.68,LED ON,255,DI Water Light
2023/7/30 (Sunday) 13:4:14,32,32135,1,6,5,0.68,LED ON,255,DI Water Light
2023/7/30 (Sunday) 13:4:14,32,32437,1,6,5,0.68,LED ON,255,DI Water Light
2023/7/30 (Sunday) 13:4:14,32,32739,1,6,5,0.68,LED ON,255,DI Water Light
2023/7/30 (Sunday) 13:4:14,33,33042,0,6,6,0.98,LED ON,255,DI Water Light
2023/7/30 (Sunday) 13:4:14,33,33344,1,6,5,0.68,LED ON,255,DI Water Light
2023/7/30 (Sunday) 13:4:14,33,33646,0,6,6,0.98,LED ON,255,DI Water Light
2023/7/30 (Sunday) 13:4:14,33,33948,1,6,5,0.68,LED ON,255,DI Water Light
2023/7/30 (Sunday) 13:4:14,34,34251,1,6,5,0.68,LED ON,255,DI Water Light
2023/7/30 (Sunday) 13:4:14,34,34554,1,6,5,0.68,LED ON,255,DI Water Light
2023/7/30 (Sunday) 13:4:14,34,34856,0,6,6,0.98,LED ON,255,DI Water Light
2023/7/30 (Sunday) 13:4:14,35,35158,0,6,6,0.98,LED ON,255,DI Water Light
2023/7/30 (Sunday) 13:4:14,35,35460,1,6,5,0.68,LED ON,255,DI Water Light
2023/7/30 (Sunday) 13:4:14,35,35762,1,6,5,0.68,LED ON,255,DI Water Light
2023/7/30 (Sunday) 13:4:14,36,36064,0,6,6,0.98,LED ON,255,DI Water Light
2023/7/30 (Sunday) 13:4:14,36,36368,1,6,5,0.68,LED ON,255,DI Water Light
2023/7/30 (Sunday) 13:4:14,36,36670,1,6,5,0.68,LED ON,255,DI Water Light
2023/7/30 (Sunday) 13:4:14,36,36972,1,6,5,0.68,LED ON,255,DI Water Light
2023/7/30 (Sunday) 13:4:14,37,37275,0,6,6,0.98,LED ON,255,DI Water Light
2023/7/30 (Sunday) 13:4:14,37,37577,1,6,5,0.68,LED ON,255,DI Water Light
2023/7/30 (Sunday) 13:4:14,37,37879,1,6,5,0.68,LED ON,255,DI Water Light
2023/7/30 (Sunday) 13:4:20,38,38283,0,6,6,0.98,LED ON,255,DI Water Light
2023/7/30 (Sunday) 13:4:20,38,38587,1,6,5,0.68,LED ON,255,DI Water Light
2023/7/30 (Sunday) 13:4:20,38,38890,1,6,5,0.68,LED ON,255,DI Water Light
2023/7/30 (Sunday) 13:4:20,39,39192,1,6,5,0.68,LED ON,255,DI Water Light
2023/7/30 (Sunday) 13:4:20,39,39494,0,6,6,0.98,LED ON,255,DI Water Light
2023/7/30 (Sunday) 13:4:20,39,39796,0,5,5,0.82,LED ON,255,DI Water Light
2023/7/30 (Sunday) 13:4:20,40,40098,1,6,5,0.68,LED ON,255,DI Water Light
2023/7/30 (Sunday) 13:4:20,40,40400,0,6,6,0.98,LED ON,255,DI Water Light
2023/7/30 (Sunday) 13:4:20,40,40703,1,6,5,0.68,LED ON,255,DI Water Light
2023/7/30 (Sunday) 13:4:20,41,41006,1,6,5,0.68,LED ON,255,DI Water Light
2023/7/30 (Sunday) 13:4:20,41,41308,1,6,5,0.68,LED ON,255,DI Water Light
2023/7/30 (Sunday) 13:4:20,41,41610,0,6,6,0.98,LED ON,255,DI Water Light
2023/7/30 (Sunday) 13:4:20,41,41912,0,6,6,0.98,LED ON,255,DI Water Light
2023/7/30 (Sunday) 13:4:20,42,42214,1,6,5,0.68,LED ON,255,DI Water Light
2023/7/30 (Sunday) 13:4:20,42,42516,1,6,5,0.68,LED ON,255,DI Water Light
2023/7/30 (Sunday) 13:4:20,42,42820,0,6,6,0.98,LED ON,255,DI Water Light
2023/7/30 (Sunday) 13:4:20,43,43122,0,6,6,0.98,LED ON,255,DI Water Light
2023/7/30 (Sunday) 13:4:20,43,43424,0,6,6,0.98,LED ON,255,DI Water Light
2023/7/30 (Sunday) 13:4:20,43,43726,1,6,5,0.68,LED ON,255,DI Water Light
2023/7/30 (Sunday) 13:4:20,44,44028,0,6,6,0.98,LED ON,255,DI Water Light
2023/7/30 (Sunday) 13:4:26,44,44432,0,6,6,0.98,LED ON,255,DI Water Light
2023/7/30 (Sunday) 13:4:26,44,44734,0,6,6,0.98,LED ON,255,DI Water Light
2023/7/30 (Sunday) 13:4:26,45,45038,1,6,5,0.68,LED ON,255,DI Water Light
2023/7/30 (Sunday) 13:4:26,45,45341,1,6,5,0.68,LED ON,255,DI Water Light
2023/7/30 (Sunday) 13:4:26,45,45643,1,6,5,0.68,LED ON,255,DI Water Light
2023/7/30 (Sunday) 13:4:26,45,45945,1,6,5,0.68,LED ON,255,DI Water Light
2023/7/30 (Sunday) 13:4:26,46,46247,1,6,5,0.68,LED ON,255,DI Water Light
2023/7/30 (Sunday) 13:4:26,46,46549,0,6,6,0.98,LED ON,255,DI Water Light
2023/7/30 (Sunday) 13:4:26,46,46851,1,6,5,0.68,LED ON,255,DI Water Light
2023/7/30 (Sunday) 13:4:26,47,47155,1,6,5,0.68,LED ON,255,DI Water Light
2023/7/30 (Sunday) 13:4:26,47,47458,1,6,5,0.68,LED ON,255,DI Water Light
2023/7/30 (Sunday) 13:4:26,47,47761,0,6,6,0.98,LED ON,255,DI Water Light
2023/7/30 (Sunday) 13:4:26,48,48063,1,6,5,0.68,LED ON,255,DI Water Light
2023/7/30 (Sunday) 13:4:26,48,48365,1,6,5,0.68,LED ON,255,DI Water Light
2023/7/30 (Sunday) 13:4:26,48,48667,1,6,5,0.68,LED ON,255,DI Water Light
2023/7/30 (Sunday) 13:4:26,48,48969,0,6,6,0.98,LED ON,255,DI Water Light
2023/7/30 (Sunday) 13:4:26,49,49273,0,6,6,0.98,LED ON,255,DI Water Light
2023/7/30 (Sunday) 13:4:26,49,49575,0,6,6,0.98,LED ON,255,DI Water Light
2023/7/30 (Sunday) 13:4:26,49,49877,0,6,6,0.98,LED ON,255,DI Water Light
2023/7/30 (Sunday) 13:4:26,50,50179,1,6,5,0.68,LED ON,255,DI Water Light
2023/7/30 (Sunday) 13:4:32,50,50583,1,6,5,0.68,LED ON,255,DI Water Light
2023/7/30 (Sunday) 13:4:32,50,50885,0,6,6,0.98,LED ON,255,DI Water Light
2023/7/30 (Sunday) 13:4:32,51,51188,0,5,5,0.82,LED ON,255,DI Water Light
2023/7/30 (Sunday) 13:4:32,51,51491,1,6,5,0.68,LED ON,255,DI Water Light
2023/7/30 (Sunday) 13:4:32,51,51793,1,6,5,0.68,LED ON,255,DI Water Light
2023/7/30 (Sunday) 13:4:32,52,52095,1,6,5,0.68,LED ON,255,DI Water Light
2023/7/30 (Sunday) 13:4:32,52,52398,0,6,6,0.98,LED ON,255,DI Water Light
2023/7/30 (Sunday) 13:4:32,52,52700,1,6,5,0.68,LED ON,255,DI Water Light
2023/7/30 (Sunday) 13:4:32,53,53002,0,6,6,0.98,LED ON,255,DI Water Light
2023/7/30 (Sunday) 13:4:32,53,53304,0,6,6,0.98,LED ON,255,DI Water Light
2023/7/30 (Sunday) 13:4:32,53,53608,1,6,5,0.68,LED ON,255,DI Water Light
2023/7/30 (Sunday) 13:4:32,53,53910,1,6,5,0.68,LED ON,255,DI Water Light
2023/7/30 (Sunday) 13:4:32,54,54212,1,6,5,0.68,LED ON,255,DI Water Light
2023/7/30 (Sunday) 13:4:32,54,54514,0,6,6,0.98,LED ON,255,DI Water Light
2023/7/30 (Sunday) 13:4:32,54,54817,1,6,5,0.68,LED ON,255,DI Water Light
2023/7/30 (Sunday) 13:4:32,55,55119,0,6,6,0.98,LED ON,255,DI Water Light
2023/7/30 (Sunday) 13:4:32,55,55421,1,6,5,0.68,LED ON,255,DI Water Light
2023/7/30 (Sunday) 13:4:32,55,55724,0,6,6,0.98,LED ON,255,DI Water Light
2023/7/30 (Sunday) 13:4:32,56,56026,0,6,6,0.98,LED ON,255,DI Water Light
2023/7/30 (Sunday) 13:4:32,56,56328,0,6,6,0.98,LED ON,255,DI Water Light
2023/7/30 (Sunday) 13:4:39,56,56733,0,6,6,0.98,LED ON,255,DI Water Light
2023/7/30 (Sunday) 13:4:39,57,57035,1,6,5,0.68,LED ON,255,DI Water Light
2023/7/30 (Sunday) 13:4:39,57,57337,1,6,5,0.68,LED ON,255,DI Water Light
2023/7/30 (Sunday) 13:4:39,57,57641,1,6,5,0.68,LED ON,255,DI Water Light
2023/7/30 (Sunday) 13:4:39,57,57943,0,6,6,0.98,LED ON,255,DI Water Light
2023/7/30 (Sunday) 13:4:39,58,58245,0,6,6,0.98,LED ON,255,DI Water Light
2023/7/30 (Sunday) 13:4:39,58,58547,0,6,6,0.98,LED ON,255,DI Water Light
2023/7/30 (Sunday) 13:4:39,58,58849,0,6,6,0.98,LED ON,255,DI Water Light
2023/7/30 (Sunday) 13:4:39,59,59151,1,6,5,0.68,LED ON,255,DI Water Light
2023/7/30 (Sunday) 13:4:39,59,59453,1,6,5,0.68,LED ON,255,DI Water Light
2023/7/30 (Sunday) 13:4:39,59,59757,0,6,6,0.98,LED ON,255,DI Water Light
2023/7/30 (Sunday) 13:4:39,60,60059,1,6,5,0.68,LED ON,255,DI Water Light
2023/7/30 (Sunday) 13:4:39,60,60361,1,6,5,0.68,LED ON,255,DI Water Light
2023/7/30 (Sunday) 13:4:39,60,60664,0,6,6,0.98,LED ON,255,DI Water Light
2023/7/30 (Sunday) 13:4:39,60,60966,0,6,6,0.98,LED ON,255,DI Water Light
2023/7/30 (Sunday) 13:4:39,61,61268,0,6,6,0.98,LED ON,255,DI Water Light
2023/7/30 (Sunday) 13:4:39,61,61570,1,6,5,0.68,LED ON,255,DI Water Light
2023/7/30 (Sunday) 13:4:39,61,61873,0,6,6,0.98,LED ON,255,DI Water Light
2023/7/30 (Sunday) 13:4:39,62,62175,1,6,5,0.68,LED ON,255,DI Water Light
2023/7/30 (Sunday) 13:4:39,62,62478,0,6,6,0.98,LED ON,255,DI Water Light
2023/7/30 (Sunday) 13:4:45,62,62881,0,6,6,0.98,LED ON,255,DI Water Light
2023/7/30 (Sunday) 13:4:45,63,63184,0,6,6,0.98,LED ON,255,DI Water Light
Time,Seconds, Milliseconds,IR,Full,Visible,Lux,LED Status,LED Intensity,Test
Time,Seconds, Milliseconds,IR,Full,Visible,Lux,LED Status,LED Intensity,Test
2023/7/30 (Sunday) 13:5:31,1,1267,4,27,23,3.20,LED ON,255,6.5 mg/L
2023/7/30 (Sunday) 13:5:31,1,1569,5,27,22,2.93,LED ON,255,6.5 mg/L
2023/7/30 (Sunday) 13:5:31,1,1871,5,27,22,2.93,LED ON,255,6.5 mg/L
2023/7/30 (Sunday) 13:5:31,2,2174,4,27,23,3.20,LED ON,255,6.5 mg/L
2023/7/30 (Sunday) 13:5:31,2,2476,5,27,22,2.93,LED ON,255,6.5 mg/L
2023/7/30 (Sunday) 13:5:31,2,2778,5,27,22,2.93,LED ON,255,6.5 mg/L
2023/7/30 (Sunday) 13:5:31,3,3080,5,27,22,2.93,LED ON,255,6.5 mg/L
2023/7/30 (Sunday) 13:5:31,3,3383,5,27,22,2.93,LED ON,255,6.5 mg/L
2023/7/30 (Sunday) 13:5:31,3,3686,5,27,22,2.93,LED ON,255,6.5 mg/L
2023/7/30 (Sunday) 13:5:31,3,3988,5,27,22,2.93,LED ON,255,6.5 mg/L
2023/7/30 (Sunday) 13:5:31,4,4291,4,27,23,3.20,LED ON,255,6.5 mg/L
2023/7/30 (Sunday) 13:5:31,4,4593,4,27,23,3.20,LED ON,255,6.5 mg/L
2023/7/30 (Sunday) 13:5:31,4,4895,5,27,22,2.93,LED ON,255,6.5 mg/L
2023/7/30 (Sunday) 13:5:31,5,5197,5,27,22,2.93,LED ON,255,6.5 mg/L
2023/7/30 (Sunday) 13:5:31,5,5500,5,27,22,2.93,LED ON,255,6.5 mg/L
2023/7/30 (Sunday) 13:5:31,5,5803,5,26,21,2.77,LED ON,255,6.5 mg/L
2023/7/30 (Sunday) 13:5:31,6,6105,5,27,22,2.93,LED ON,255,6.5 mg/L
2023/7/30 (Sunday) 13:5:31,6,6408,5,27,22,2.93,LED ON,255,6.5 mg/L
2023/7/30 (Sunday) 13:5:31,6,6710,5,27,22,2.93,LED ON,255,6.5 mg/L
2023/7/30 (Sunday) 13:5:31,7,7012,5,27,22,2.93,LED ON,255,6.5 mg/L
2023/7/30 (Sunday) 13:5:37,7,7416,5,27,22,2.93,LED ON,255,6.5 mg/L
2023/7/30 (Sunday) 13:5:37,7,7718,5,27,22,2.93,LED ON,255,6.5 mg/L
2023/7/30 (Sunday) 13:5:37,8,8020,5,27,22,2.93,LED ON,255,6.5 mg/L
2023/7/30 (Sunday) 13:5:37,8,8324,4,27,23,3.20,LED ON,255,6.5 mg/L
2023/7/30 (Sunday) 13:5:37,8,8626,5,27,22,2.93,LED ON,255,6.5 mg/L
2023/7/30 (Sunday) 13:5:37,8,8928,5,27,22,2.93,LED ON,255,6.5 mg/L
2023/7/30 (Sunday) 13:5:37,9,9230,5,26,21,2.77,LED ON,255,6.5 mg/L
2023/7/30 (Sunday) 13:5:37,9,9532,5,26,21,2.77,LED ON,255,6.5 mg/L
2023/7/30 (Sunday) 13:5:37,9,9852,5,27,22,2.93,LED ON,255,6.5 mg/L
2023/7/30 (Sunday) 13:5:37,10,10155,4,26,22,3.04,LED ON,255,6.5 mg/L
2023/7/30 (Sunday) 13:5:37,10,10458,4,27,23,3.20,LED ON,255,6.5 mg/L
2023/7/30 (Sunday) 13:5:37,10,10763,5,27,22,2.93,LED ON,255,6.5 mg/L
2023/7/30 (Sunday) 13:5:37,11,11066,4,27,23,3.20,LED ON,255,6.5 mg/L
2023/7/30 (Sunday) 13:5:37,11,11368,5,27,22,2.93,LED ON,255,6.5 mg/L
2023/7/30 (Sunday) 13:5:37,11,11670,5,27,22,2.93,LED ON,255,6.5 mg/L
2023/7/30 (Sunday) 13:5:37,11,11972,5,27,22,2.93,LED ON,255,6.5 mg/L
2023/7/30 (Sunday) 13:5:37,12,12274,5,27,22,2.93,LED ON,255,6.5 mg/L
2023/7/30 (Sunday) 13:5:37,12,12577,4,26,22,3.04,LED ON,255,6.5 mg/L
2023/7/30 (Sunday) 13:5:37,12,12880,4,27,23,3.20,LED ON,255,6.5 mg/L
2023/7/30 (Sunday) 13:5:37,13,13182,4,27,23,3.20,LED ON,255,6.5 mg/L
2023/7/30 (Sunday) 13:5:43,13,13586,5,27,22,2.93,LED ON,255,6.5 mg/L
2023/7/30 (Sunday) 13:5:43,13,13888,4,26,22,3.04,LED ON,255,6.5 mg/L
2023/7/30 (Sunday) 13:5:43,14,14191,5,27,22,2.93,LED ON,255,6.5 mg/L
2023/7/30 (Sunday) 13:5:43,14,14493,5,27,22,2.93,LED ON,255,6.5 mg/L
2023/7/30 (Sunday) 13:5:43,14,14795,5,26,21,2.77,LED ON,255,6.5 mg/L
2023/7/30 (Sunday) 13:5:43,15,15099,4,27,23,3.20,LED ON,255,6.5 mg/L
2023/7/30 (Sunday) 13:5:43,15,15401,5,26,21,2.77,LED ON,255,6.5 mg/L
2023/7/30 (Sunday) 13:5:43,15,15703,4,27,23,3.20,LED ON,255,6.5 mg/L
2023/7/30 (Sunday) 13:5:43,16,16005,4,27,23,3.20,LED ON,255,6.5 mg/L
2023/7/30 (Sunday) 13:5:43,16,16308,5,27,22,2.93,LED ON,255,6.5 mg/L
2023/7/30 (Sunday) 13:5:43,16,16610,4,27,23,3.20,LED ON,255,6.5 mg/L
2023/7/30 (Sunday) 13:5:43,16,16912,5,27,22,2.93,LED ON,255,6.5 mg/L
2023/7/30 (Sunday) 13:5:43,17,17216,5,26,21,2.77,LED ON,255,6.5 mg/L
2023/7/30 (Sunday) 13:5:43,17,17518,5,27,22,2.93,LED ON,255,6.5 mg/L
2023/7/30 (Sunday) 13:5:43,17,17821,5,27,22,2.93,LED ON,255,6.5 mg/L
2023/7/30 (Sunday) 13:5:43,18,18123,4,27,23,3.20,LED ON,255,6.5 mg/L
2023/7/30 (Sunday) 13:5:43,18,18426,4,27,23,3.20,LED ON,255,6.5 mg/L
2023/7/30 (Sunday) 13:5:43,18,18728,5,27,22,2.93,LED ON,255,6.5 mg/L
2023/7/30 (Sunday) 13:5:43,19,19031,5,27,22,2.93,LED ON,255,6.5 mg/L
2023/7/30 (Sunday) 13:5:43,19,19335,4,27,23,3.20,LED ON,255,6.5 mg/L
2023/7/30 (Sunday) 13:5:49,19,19739,4,27,23,3.20,LED ON,255,6.5 mg/L
2023/7/30 (Sunday) 13:5:49,20,20046,4,27,23,3.20,LED ON,255,6.5 mg/L
2023/7/30 (Sunday) 13:5:49,20,20352,5,27,22,2.93,LED ON,255,6.5 mg/L
2023/7/30 (Sunday) 13:5:49,20,20654,5,27,22,2.93,LED ON,255,6.5 mg/L
2023/7/30 (Sunday) 13:5:49,20,20957,4,27,23,3.20,LED ON,255,6.5 mg/L
2023/7/30 (Sunday) 13:5:49,21,21259,4,26,22,3.04,LED ON,255,6.5 mg/L
2023/7/30 (Sunday) 13:5:49,21,21562,5,27,22,2.93,LED ON,255,6.5 mg/L
2023/7/30 (Sunday) 13:5:49,21,21865,5,27,22,2.93,LED ON,255,6.5 mg/L
2023/7/30 (Sunday) 13:5:49,22,22168,5,27,22,2.93,LED ON,255,6.5 mg/L
2023/7/30 (Sunday) 13:5:49,22,22470,5,26,21,2.77,LED ON,255,6.5 mg/L
2023/7/30 (Sunday) 13:5:49,22,22772,4,27,23,3.20,LED ON,255,6.5 mg/L
2023/7/30 (Sunday) 13:5:49,23,23075,5,27,22,2.93,LED ON,255,6.5 mg/L
2023/7/30 (Sunday) 13:5:49,23,23377,4,27,23,3.20,LED ON,255,6.5 mg/L
2023/7/30 (Sunday) 13:5:49,23,23680,5,27,22,2.93,LED ON,255,6.5 mg/L
2023/7/30 (Sunday) 13:5:49,23,23984,5,26,21,2.77,LED ON,255,6.5 mg/L
2023/7/30 (Sunday) 13:5:49,24,24286,5,26,21,2.77,LED ON,255,6.5 mg/L
2023/7/30 (Sunday) 13:5:49,24,24589,5,27,22,2.93,LED ON,255,6.5 mg/L
2023/7/30 (Sunday) 13:5:49,24,24891,5,27,22,2.93,LED ON,255,6.5 mg/L
2023/7/30 (Sunday) 13:5:49,25,25194,4,27,23,3.20,LED ON,255,6.5 mg/L
2023/7/30 (Sunday) 13:5:49,25,25496,5,27,22,2.93,LED ON,255,6.5 mg/L
2023/7/30 (Sunday) 13:5:56,25,25900,5,27,22,2.93,LED ON,255,6.5 mg/L
2023/7/30 (Sunday) 13:5:56,26,26204,5,27,22,2.93,LED ON,255,6.5 mg/L
2023/7/30 (Sunday) 13:5:56,26,26506,5,27,22,2.93,LED ON,255,6.5 mg/L
2023/7/30 (Sunday) 13:5:56,26,26808,4,27,23,3.20,LED ON,255,6.5 mg/L
2023/7/30 (Sunday) 13:5:56,27,27110,5,27,22,2.93,LED ON,255,6.5 mg/L
2023/7/30 (Sunday) 13:5:56,27,27414,5,27,22,2.93,LED ON,255,6.5 mg/L
2023/7/30 (Sunday) 13:5:56,27,27719,5,27,22,2.93,LED ON,255,6.5 mg/L
2023/7/30 (Sunday) 13:5:56,28,28022,5,27,22,2.93,LED ON,255,6.5 mg/L
2023/7/30 (Sunday) 13:5:56,28,28324,4,27,23,3.20,LED ON,255,6.5 mg/L
2023/7/30 (Sunday) 13:5:56,28,28627,5,27,22,2.93,LED ON,255,6.5 mg/L
2023/7/30 (Sunday) 13:5:56,28,28929,5,27,22,2.93,LED ON,255,6.5 mg/L
2023/7/30 (Sunday) 13:5:56,29,29232,5,27,22,2.93,LED ON,255,6.5 mg/L
2023/7/30 (Sunday) 13:5:56,29,29534,5,27,22,2.93,LED ON,255,6.5 mg/L
2023/7/30 (Sunday) 13:5:56,29,29836,5,27,22,2.93,LED ON,255,6.5 mg/L
2023/7/30 (Sunday) 13:5:56,30,30138,5,27,22,2.93,LED ON,255,6.5 mg/L
2023/7/30 (Sunday) 13:5:56,30,30440,5,27,22,2.93,LED ON,255,6.5 mg/L
2023/7/30 (Sunday) 13:5:56,30,30744,5,26,21,2.77,LED ON,255,6.5 mg/L
2023/7/30 (Sunday) 13:5:56,31,31046,5,26,21,2.77,LED ON,255,6.5 mg/L
2023/7/30 (Sunday) 13:5:56,31,31349,4,26,22,3.04,LED ON,255,6.5 mg/L
2023/7/30 (Sunday) 13:5:56,31,31652,4,27,23,3.20,LED ON,255,6.5 mg/L
2023/7/30 (Sunday) 13:6:2,32,32056,4,26,22,3.04,LED ON,255,6.5 mg/L
2023/7/30 (Sunday) 13:6:2,32,32358,4,27,23,3.20,LED ON,255,6.5 mg/L
2023/7/30 (Sunday) 13:6:2,32,32660,5,27,22,2.93,LED ON,255,6.5 mg/L
2023/7/30 (Sunday) 13:6:2,32,32964,5,27,22,2.93,LED ON,255,6.5 mg/L
2023/7/30 (Sunday) 13:6:2,33,33266,4,27,23,3.20,LED ON,255,6.5 mg/L
2023/7/30 (Sunday) 13:6:2,33,33568,4,27,23,3.20,LED ON,255,6.5 mg/L
2023/7/30 (Sunday) 13:6:2,33,33871,5,27,22,2.93,LED ON,255,6.5 mg/L
2023/7/30 (Sunday) 13:6:2,34,34173,5,27,22,2.93,LED ON,255,6.5 mg/L
2023/7/30 (Sunday) 13:6:2,34,34476,5,27,22,2.93,LED ON,255,6.5 mg/L
2023/7/30 (Sunday) 13:6:2,34,34778,5,27,22,2.93,LED ON,255,6.5 mg/L
2023/7/30 (Sunday) 13:6:2,35,35080,5,27,22,2.93,LED ON,255,6.5 mg/L
2023/7/30 (Sunday) 13:6:2,35,35384,5,27,22,2.93,LED ON,255,6.5 mg/L
2023/7/30 (Sunday) 13:6:2,35,35686,5,27,22,2.93,LED ON,255,6.5 mg/L
2023/7/30 (Sunday) 13:6:2,35,35989,4,27,23,3.20,LED ON,255,6.5 mg/L
2023/7/30 (Sunday) 13:6:2,36,36291,5,27,22,2.93,LED ON,255,6.5 mg/L
2023/7/30 (Sunday) 13:6:2,36,36596,5,26,21,2.77,LED ON,255,6.5 mg/L
2023/7/30 (Sunday) 13:6:2,36,36898,5,27,22,2.93,LED ON,255,6.5 mg/L
2023/7/30 (Sunday) 13:6:2,37,37201,4,27,23,3.20,LED ON,255,6.5 mg/L
2023/7/30 (Sunday) 13:6:2,37,37504,5,27,22,2.93,LED ON,255,6.5 mg/L
2023/7/30 (Sunday) 13:6:2,37,37807,4,27,23,3.20,LED ON,255,6.5 mg/L
2023/7/30 (Sunday) 13:6:8,38,38211,5,26,21,2.77,LED ON,255,6.5 mg/L
2023/7/30 (Sunday) 13:6:8,38,38513,5,27,22,2.93,LED ON,255,6.5 mg/L
2023/7/30 (Sunday) 13:6:8,38,38815,5,27,22,2.93,LED ON,255,6.5 mg/L
2023/7/30 (Sunday) 13:6:8,39,39118,5,27,22,2.93,LED ON,255,6.5 mg/L
2023/7/30 (Sunday) 13:6:8,39,39420,4,27,23,3.20,LED ON,255,6.5 mg/L
2023/7/30 (Sunday) 13:6:8,39,39722,5,27,22,2.93,LED ON,255,6.5 mg/L
2023/7/30 (Sunday) 13:6:8,40,40026,5,27,22,2.93,LED ON,255,6.5 mg/L
2023/7/30 (Sunday) 13:6:8,40,40328,5,27,22,2.93,LED ON,255,6.5 mg/L
2023/7/30 (Sunday) 13:6:8,40,40630,5,27,22,2.93,LED ON,255,6.5 mg/L
2023/7/30 (Sunday) 13:6:8,40,40933,5,27,22,2.93,LED ON,255,6.5 mg/L
2023/7/30 (Sunday) 13:6:8,41,41235,5,27,22,2.93,LED ON,255,6.5 mg/L
2023/7/30 (Sunday) 13:6:8,41,41537,4,26,22,3.04,LED ON,255,6.5 mg/L
2023/7/30 (Sunday) 13:6:8,41,41840,5,27,22,2.93,LED ON,255,6.5 mg/L
2023/7/30 (Sunday) 13:6:8,42,42143,5,26,21,2.77,LED ON,255,6.5 mg/L
2023/7/30 (Sunday) 13:6:8,42,42446,5,27,22,2.93,LED ON,255,6.5 mg/L
2023/7/30 (Sunday) 13:6:8,42,42748,5,27,22,2.93,LED ON,255,6.5 mg/L
2023/7/30 (Sunday) 13:6:8,43,43050,5,27,22,2.93,LED ON,255,6.5 mg/L
2023/7/30 (Sunday) 13:6:8,43,43353,4,27,23,3.20,LED ON,255,6.5 mg/L
2023/7/30 (Sunday) 13:6:8,43,43655,5,26,21,2.77,LED ON,255,6.5 mg/L
2023/7/30 (Sunday) 13:6:8,43,43957,5,27,22,2.93,LED ON,255,6.5 mg/L
2023/7/30 (Sunday) 13:6:14,44,44363,4,27,23,3.20,LED ON,255,6.5 mg/L
2023/7/30 (Sunday) 13:6:14,44,44665,4,27,23,3.20,LED ON,255,6.5 mg/L
2023/7/30 (Sunday) 13:6:14,44,44967,5,27,22,2.93,LED ON,255,6.5 mg/L
2023/7/30 (Sunday) 13:6:14,45,45269,4,27,23,3.20,LED ON,255,6.5 mg/L
2023/7/30 (Sunday) 13:6:14,45,45573,5,27,22,2.93,LED ON,255,6.5 mg/L
2023/7/30 (Sunday) 13:6:14,45,45876,5,27,22,2.93,LED ON,255,6.5 mg/L
2023/7/30 (Sunday) 13:6:14,46,46178,4,26,22,3.04,LED ON,255,6.5 mg/L
2023/7/30 (Sunday) 13:6:14,46,46480,5,27,22,2.93,LED ON,255,6.5 mg/L
2023/7/30 (Sunday) 13:6:14,46,46784,5,27,22,2.93,LED ON,255,6.5 mg/L
2023/7/30 (Sunday) 13:6:14,47,47086,5,27,22,2.93,LED ON,255,6.5 mg/L
2023/7/30 (Sunday) 13:6:14,47,47388,5,27,22,2.93,LED ON,255,6.5 mg/L
2023/7/30 (Sunday) 13:6:14,47,47690,5,27,22,2.93,LED ON,255,6.5 mg/L
2023/7/30 (Sunday) 13:6:14,47,47993,5,27,22,2.93,LED ON,255,6.5 mg/L
2023/7/30 (Sunday) 13:6:14,48,48295,5,26,21,2.77,LED ON,255,6.5 mg/L
2023/7/30 (Sunday) 13:6:14,48,48597,4,26,22,3.04,LED ON,255,6.5 mg/L
2023/7/30 (Sunday) 13:6:14,48,48901,5,26,21,2.77,LED ON,255,6.5 mg/L
2023/7/30 (Sunday) 13:6:14,49,49203,4,26,22,3.04,LED ON,255,6.5 mg/L
2023/7/30 (Sunday) 13:6:14,49,49505,5,26,21,2.77,LED ON,255,6.5 mg/L
2023/7/30 (Sunday) 13:6:14,49,49808,5,26,21,2.77,LED ON,255,6.5 mg/L
2023/7/30 (Sunday) 13:6:14,50,50110,5,26,21,2.77,LED ON,255,6.5 mg/L
2023/7/30 (Sunday) 13:6:20,50,50514,5,26,21,2.77,LED ON,255,6.5 mg/L
2023/7/30 (Sunday) 13:6:20,50,50816,4,26,22,3.04,LED ON,255,6.5 mg/L
2023/7/30 (Sunday) 13:6:20,51,51121,4,26,22,3.04,LED ON,255,6.5 mg/L
2023/7/30 (Sunday) 13:6:20,51,51423,4,26,22,3.04,LED ON,255,6.5 mg/L
2023/7/30 (Sunday) 13:6:20,51,51726,5,26,21,2.77,LED ON,255,6.5 mg/L
2023/7/30 (Sunday) 13:6:20,52,52028,4,26,22,3.04,LED ON,255,6.5 mg/L
2023/7/30 (Sunday) 13:6:20,52,52330,4,26,22,3.04,LED ON,255,6.5 mg/L
2023/7/30 (Sunday) 13:6:20,52,52633,5,26,21,2.77,LED ON,255,6.5 mg/L
2023/7/30 (Sunday) 13:6:20,52,52935,4,26,22,3.04,LED ON,255,6.5 mg/L
2023/7/30 (Sunday) 13:6:20,53,53237,5,26,21,2.77,LED ON,255,6.5 mg/L
2023/7/30 (Sunday) 13:6:20,53,53541,5,26,21,2.77,LED ON,255,6.5 mg/L
2023/7/30 (Sunday) 13:6:20,53,53843,5,26,21,2.77,LED ON,255,6.5 mg/L
2023/7/30 (Sunday) 13:6:20,54,54146,5,26,21,2.77,LED ON,255,6.5 mg/L
2023/7/30 (Sunday) 13:6:20,54,54449,4,26,22,3.04,LED ON,255,6.5 mg/L
2023/7/30 (Sunday) 13:6:20,54,54754,4,26,22,3.04,LED ON,255,6.5 mg/L
2023/7/30 (Sunday) 13:6:20,55,55057,5,26,21,2.77,LED ON,255,6.5 mg/L
2023/7/30 (Sunday) 13:6:20,55,55359,4,26,22,3.04,LED ON,255,6.5 mg/L
2023/7/30 (Sunday) 13:6:20,55,55663,4,26,22,3.04,LED ON,255,6.5 mg/L
2023/7/30 (Sunday) 13:6:20,55,55965,5,26,21,2.77,LED ON,255,6.5 mg/L
2023/7/30 (Sunday) 13:6:20,56,56268,5,26,21,2.77,LED ON,255,6.5 mg/L
2023/7/30 (Sunday) 13:6:26,56,56672,5,26,21,2.77,LED ON,255,6.5 mg/L
2023/7/30 (Sunday) 13:6:26,56,56974,5,26,21,2.77,LED ON,255,6.5 mg/L
2023/7/30 (Sunday) 13:6:26,57,57276,5,26,21,2.77,LED ON,255,6.5 mg/L
2023/7/30 (Sunday) 13:6:26,57,57579,5,26,21,2.77,LED ON,255,6.5 mg/L
2023/7/30 (Sunday) 13:6:26,57,57882,5,26,21,2.77,LED ON,255,6.5 mg/L
2023/7/30 (Sunday) 13:6:26,58,58185,4,26,22,3.04,LED ON,255,6.5 mg/L
2023/7/30 (Sunday) 13:6:26,58,58487,5,26,21,2.77,LED ON,255,6.5 mg/L
2023/7/30 (Sunday) 13:6:26,58,58789,5,26,21,2.77,LED ON,255,6.5 mg/L
2023/7/30 (Sunday) 13:6:26,59,59092,5,26,21,2.77,LED ON,255,6.5 mg/L
2023/7/30 (Sunday) 13:6:26,59,59394,5,26,21,2.77,LED ON,255,6.5 mg/L
2023/7/30 (Sunday) 13:6:26,59,59696,5,26,21,2.77,LED ON,255,6.5 mg/L
2023/7/30 (Sunday) 13:6:26,59,59999,5,26,21,2.77,LED ON,255,6.5 mg/L
2023/7/30 (Sunday) 13:6:26,60,60303,5,26,21,2.77,LED ON,255,6.5 mg/L
2023/7/30 (Sunday) 13:6:26,60,60605,4,26,22,3.04,LED ON,255,6.5 mg/L