Date and Time,LED Status,LED Intensity,Test,Milliseconds,Seconds,Type,F1 (Basic),F2 (Basic),F3 (Basic),F4 (Basic),F5 (Basic),F6 (Basic),F7 (Basic),F8 (Basic),Clear (Basic),NIR (Basic),Type,F1 (Raw),F2 (Raw),F3 (Raw),F4 (Raw),F5 (Raw),F6 (Raw),F7 (Raw),F8 (Raw),Clear (Raw),NIR (Raw)
2023/8/7 (Monday) 11:58:29,LED OFF,0,Cuvette Dark,0,975,BASIC COUNTS,0.00,0.00,0.00,0.00,0.00,0.00,0.00,0.00,0.00,0.00,RAW VALUES,0,0,0,0,0,0,0,0,0,0
2023/8/7 (Monday) 11:58:30,LED OFF,0,Cuvette Dark,1,1639,BASIC COUNTS,0.00,0.00,0.00,0.00,0.00,0.00,0.00,0.00,0.00,0.00,RAW VALUES,0,0,0,0,0,0,0,0,0,0
2023/8/7 (Monday) 11:58:30,LED OFF,0,Cuvette Dark,2,2303,BASIC COUNTS,0.00,0.00,0.00,0.00,0.00,0.00,0.00,0.00,0.00,0.00,RAW VALUES,0,0,0,0,0,0,0,0,0,0
2023/8/7 (Monday) 11:58:31,LED OFF,0,Cuvette Dark,2,2965,BASIC COUNTS,0.00,0.00,0.00,0.00,0.00,0.00,0.00,0.00,0.00,0.00,RAW VALUES,0,0,0,0,0,0,0,0,0,0
2023/8/7 (Monday) 11:58:32,LED OFF,0,Cuvette Dark,3,3628,BASIC COUNTS,0.00,0.00,0.00,0.00,0.00,0.00,0.00,0.00,0.00,0.00,RAW VALUES,0,0,0,0,0,0,0,0,0,0
2023/8/7 (Monday) 11:58:32,LED OFF,0,Cuvette Dark,4,4290,BASIC COUNTS,0.00,0.00,0.00,0.00,0.00,0.00,0.00,0.00,0.00,0.00,RAW VALUES,0,0,0,0,0,0,0,0,0,0
2023/8/7 (Monday) 11:58:33,LED OFF,0,Cuvette Dark,4,4951,BASIC COUNTS,0.00,0.00,0.00,0.00,0.00,0.00,0.00,0.00,0.00,0.00,RAW VALUES,0,0,0,0,0,0,0,0,0,0
2023/8/7 (Monday) 11:58:34,LED OFF,0,Cuvette Dark,5,5616,BASIC COUNTS,0.00,0.00,0.00,0.00,0.00,0.00,0.00,0.00,0.00,0.00,RAW VALUES,0,0,0,0,0,0,0,0,0,0
2023/8/7 (Monday) 11:58:34,LED OFF,0,Cuvette Dark,6,6277,BASIC COUNTS,0.00,0.00,0.00,0.00,0.00,0.00,0.00,0.00,0.00,0.00,RAW VALUES,0,0,0,0,0,0,0,0,0,0
2023/8/7 (Monday) 11:58:35,LED OFF,0,Cuvette Dark,6,6940,BASIC COUNTS,0.00,0.00,0.00,0.00,0.00,0.00,0.00,0.00,0.00,0.00,RAW VALUES,0,0,0,0,0,0,0,0,0,0
2023/8/7 (Monday) 11:58:36,LED OFF,0,Cuvette Dark,7,7  8,BASIC COUNTS,0.00,0.00,0.00,0.00,0.00,0.00,0.00,0.00,0.00,0.00,RAW VALUES,0,0,0,0,0,0,0,0,0,0
2023/8/7 (Monday) 11:58:36,LED OFF,0,Cuvette Dark,8,8261,BASIC COUNTS,0.00,0.00,0.00,0.00,0.00,0.00,0.00,0.00,0.00,0.00,RAW VALUES,0,0,0,0,0,0,0,0,0,0
2023/8/7 (Monday) 11:58:37,LED OFF,0,Cuvette Dark,8,8925,BASIC COUNTS,0.00,0.00,0.00,0.00,0.00,0.00,0.00,0.00,0.00,0.00,RAW VALUES,0,0,0,0,0,0,0,0,0,0
2023/8/7 (Monday) 11:58:38,LED OFF,0,Cuvette Dark,9,9587,BASIC COUNTS,0.00,0.00,0.00,0.00,0.00,0.00,0.00,0.00,0.00,0.00,RAW VALUES,0,0,0,0,0,0,0,0,0,0
2023/8/7 (Monday) 11:58:38,LED OFF,0,Cuvette Dark,10,10250,BASIC COUNTS,0.00,0.00,0.00,0.00,0.00,0.00,0.00,0.00,0.00,0.00,RAW VALUES,0,0,0,0,0,0,0,0,0,0
2023/8/7 (Monday) 11:58:39,LED OFF,0,Cuvette Dark,10,10913,BASIC COUNTS,0.00,0.00,0.00,0.00,0.00,0.00,0.00,0.00,0.00,0.00,RAW VALUES,0,0,0,0,0,0,0,0,0,0
2023/8/7 (Monday) 11:58:40,LED OFF,0,Cuvette Dark,11,11575,BASIC COUNTS,0.00,0.00,0.00,0.00,0.00,0.00,0.00,0.00,0.00,0.00,RAW VALUES,0,0,0,0,0,0,0,0,0,0
2023/8/7 (Monday) 11:58:40,LED OFF,0,Cuvette Dark,12,12238,BASIC COUNTS,0.00,0.00,0.00,0.00,0.00,0.00,0.00,0.00,0.00,0.00,RAW VALUES,0,0,0,0,0,0,0,0,0,0
2023/8/7 (Monday) 11:58:41,LED OFF,0,Cuvette Dark,12,12905,BASIC COUNTS,0.00,0.00,0.00,0.00,0.00,0.00,0.00,0.00,0.00,0.00,RAW VALUES,0,0,0,0,0,0,0,0,0,0
2023/8/7 (Monday) 11:58:42,LED OFF,0,Cuvette Dark,13,13567,BASIC COUNTS,0.00,0.00,0.00,0.00,0.00,0.00,0.00,0.00,0.00,0.00,RAW VALUES,0,0,0,0,0,0,0,0,0,0
2023/8/7 (Monday) 11:58:42,LED OFF,0,Cuvette Dark,14,14229,BASIC COUNTS,0.00,0.00,0.00,0.00,0.00,0.00,0.00,0.00,0.00,0.00,RAW VALUES,0,0,0,0,0,0,0,0,0,0
2023/8/7 (Monday) 11:58:43,LED OFF,0,Cuvette Dark,14,14892,BASIC COUNTS,0.00,0.00,0.00,0.00,0.00,0.00,0.00,0.00,0.00,0.00,RAW VALUES,0,0,0,0,0,0,0,0,0,3
2023/8/7 (Monday) 11:58:44,LED OFF,0,Cuvette Dark,15,15555,BASIC COUNTS,0.00,0.00,0.00,0.00,0.00,0.00,0.00,0.00,0.00,0.00,RAW VALUES,0,0,0,0,0,0,0,0,0,0
2023/8/7 (Monday) 11:58:44,LED OFF,0,Cuvette Dark,16,16218,BASIC COUNTS,0.00,0.00,0.00,0.00,0.00,0.00,0.00,0.00,0.00,0.00,RAW VALUES,0,0,0,0,0,0,0,0,0,0
2023/8/7 (Monday) 11:58:45,LED OFF,0,Cuvette Dark,16,16880,BASIC COUNTS,0.00,0.00,0.00,0.00,0.00,0.00,0.00,0.00,0.00,0.00,RAW VALUES,0,0,0,0,0,0,0,0,0,0
2023/8/7 (Monday) 11:58:46,LED OFF,0,Cuvette Dark,17,17544,BASIC COUNTS,0.00,0.00,0.00,0.00,0.00,0.00,0.00,0.00,0.00,0.00,RAW VALUES,0,0,0,0,0,0,0,0,0,0
2023/8/7 (Monday) 11:58:46,LED OFF,0,Cuvette Dark,18,18206,BASIC COUNTS,0.00,0.00,0.00,0.00,0.00,0.00,0.00,0.00,0.00,0.00,RAW VALUES,0,0,0,0,0,0,0,0,0,0
2023/8/7 (Monday) 11:58:47,LED OFF,0,Cuvette Dark,18,18869,BASIC COUNTS,0.00,0.00,0.00,0.00,0.00,0.00,0.00,0.00,0.00,0.00,RAW VALUES,0,0,0,0,0,0,0,0,0,0
2023/8/7 (Monday) 11:58:48,LED OFF,0,Cuvette Dark,19,19533,BASIC COUNTS,0.00,0.00,0.00,0.00,0.00,0.00,0.00,0.00,0.00,0.00,RAW VALUES,0,0,0,0,0,0,0,0,0,0
2023/8/7 (Monday) 11:58:48,LED OFF,0,Cuvette Dark,20,20195,BASIC COUNTS,0.00,0.00,0.00,0.00,0.00,0.00,0.00,0.00,0.00,0.00,RAW VALUES,0,0,0,0,0,0,0,0,0,0
2023/8/7 (Monday) 11:58:49,LED OFF,0,Cuvette Dark,20,20855,BASIC COUNTS,0.00,0.00,0.00,0.00,0.00,0.00,0.00,0.00,0.00,0.00,RAW VALUES,0,0,0,0,0,0,0,0,0,0
2023/8/7 (Monday) 11:58:50,LED OFF,0,Cuvette Dark,21,21516,BASIC COUNTS,0.00,0.00,0.00,0.00,0.00,0.00,0.00,0.00,0.00,0.00,RAW VALUES,0,0,0,0,0,0,0,0,0,0
2023/8/7 (Monday) 11:58:50,LED OFF,0,Cuvette Dark,22,22179,BASIC COUNTS,0.00,0.00,0.00,0.00,0.00,0.00,0.00,0.00,0.00,0.00,RAW VALUES,0,0,0,0,0,0,0,0,0,0
2023/8/7 (Monday) 11:58:51,LED OFF,0,Cuvette Dark,22,22840,BASIC COUNTS,0.00,0.00,0.00,0.00,0.00,0.00,0.00,0.00,0.00,0.00,RAW VALUES,0,0,0,0,0,0,0,0,0,0
2023/8/7 (Monday) 11:58:52,LED OFF,0,Cuvette Dark,23,23502,BASIC COUNTS,0.00,0.00,0.00,0.00,0.00,0.00,0.00,0.00,0.00,0.00,RAW VALUES,0,0,0,0,0,0,0,0,0,0
2023/8/7 (Monday) 11:58:52,LED OFF,0,Cuvette Dark,24,24162,BASIC COUNTS,0.00,0.00,0.00,0.00,0.00,0.00,0.00,0.00,0.00,0.00,RAW VALUES,0,0,0,0,0,0,0,0,0,0
2023/8/7 (Monday) 11:58:53,LED OFF,0,Cuvette Dark,24,24824,BASIC COUNTS,0.00,0.00,0.00,0.00,0.00,0.00,0.00,0.00,0.00,0.00,RAW VALUES,0,0,0,0,0,0,0,0,0,0
2023/8/7 (Monday) 11:58:54,LED OFF,0,Cuvette Dark,25,25484,BASIC COUNTS,0.00,0.00,0.00,0.00,0.00,0.00,0.00,0.00,0.00,0.00,RAW VALUES,0,0,0,0,0,0,0,0,0,0
2023/8/7 (Monday) 11:58:54,LED OFF,0,Cuvette Dark,26,26146,BASIC COUNTS,0.00,0.00,0.00,0.00,0.00,0.00,0.00,0.00,0.00,0.00,RAW VALUES,0,0,0,0,0,0,0,0,0,0
2023/8/7 (Monday) 11:58:55,LED OFF,0,Cuvette Dark,26,26811,BASIC COUNTS,0.00,0.00,0.00,0.00,0.00,0.00,0.00,0.00,0.00,0.00,RAW VALUES,0,0,0,0,0,0,0,0,0,0
2023/8/7 (Monday) 11:58:56,LED OFF,0,Cuvette Dark,27,27474,BASIC COUNTS,0.00,0.00,0.00,0.00,0.00,0.00,0.00,0.00,0.00,0.00,RAW VALUES,0,0,0,0,0,0,0,0,0,0
2023/8/7 (Monday) 11:58:56,LED OFF,0,Cuvette Dark,28,28135,BASIC COUNTS,0.00,0.00,0.00,0.00,0.00,0.00,0.00,0.00,0.00,0.00,RAW VALUES,0,0,0,0,0,0,0,0,0,0
2023/8/7 (Monday) 11:58:57,LED OFF,0,Cuvette Dark,28,28796,BASIC COUNTS,0.00,0.00,0.00,0.00,0.00,0.00,0.00,0.00,0.00,0.00,RAW VALUES,0,0,0,0,0,0,0,0,0,0
2023/8/7 (Monday) 11:58:58,LED OFF,0,Cuvette Dark,29,29456,BASIC COUNTS,0.00,0.00,0.00,0.00,0.00,0.00,0.00,0.00,0.00,0.00,RAW VALUES,0,0,0,0,0,0,0,0,0,0
2023/8/7 (Monday) 11:58:58,LED OFF,0,Cuvette Dark,30,30121,BASIC COUNTS,0.00,0.00,0.00,0.00,0.00,0.00,0.00,0.00,0.00,0.00,RAW VALUES,0,0,0,0,0,0,0,0,0,0
2023/8/7 (Monday) 11:58:  ,LED OFF,0,Cuvette Dark,30,30787,BASIC COUNTS,0.00,0.00,0.00,0.00,0.00,0.00,0.00,0.00,0.00,0.00,RAW VALUES,0,0,0,0,0,0,0,0,0,0
2023/8/7 (Monday) 11:  :0,LED OFF,0,Cuvette Dark,31,31451,BASIC COUNTS,0.00,0.00,0.00,0.00,0.00,0.00,0.00,0.00,0.00,0.00,RAW VALUES,0,0,0,0,0,0,0,0,0,0
2023/8/7 (Monday) 11:  :0,LED OFF,0,Cuvette Dark,32,32111,BASIC COUNTS,0.00,0.00,0.00,0.00,0.00,0.00,0.00,0.00,0.00,0.00,RAW VALUES,0,0,0,0,0,0,0,0,0,0
2023/8/7 (Monday) 11:  :1,LED OFF,0,Cuvette Dark,32,32770,BASIC COUNTS,0.00,0.00,0.00,0.00,0.00,0.00,0.00,0.00,0.00,0.00,RAW VALUES,0,0,0,0,0,0,0,0,0,0
2023/8/7 (Monday) 11:  :2,LED OFF,0,Cuvette Dark,33,33433,BASIC COUNTS,0.00,0.00,0.00,0.00,0.00,0.00,0.00,0.00,0.00,0.00,RAW VALUES,0,0,0,0,0,0,0,0,0,0
2023/8/7 (Monday) 11:  :2,LED OFF,0,Cuvette Dark,34,34095,BASIC COUNTS,0.00,0.00,0.00,0.00,0.00,0.00,0.00,0.00,0.00,0.00,RAW VALUES,0,0,0,0,0,0,0,0,0,0
2023/8/7 (Monday) 11:  :3,LED OFF,0,Cuvette Dark,34,34758,BASIC COUNTS,0.00,0.00,0.00,0.00,0.00,0.00,0.00,0.00,0.00,0.00,RAW VALUES,0,0,0,0,0,0,0,0,0,0
2023/8/7 (Monday) 11:  :4,LED OFF,0,Cuvette Dark,35,35422,BASIC COUNTS,0.00,0.00,0.00,0.00,0.00,0.00,0.00,0.00,0.00,0.00,RAW VALUES,0,0,0,0,0,0,0,0,0,0
2023/8/7 (Monday) 11:  :4,LED OFF,0,Cuvette Dark,36,36087,BASIC COUNTS,0.00,0.00,0.00,0.00,0.00,0.00,0.00,0.00,0.00,0.00,RAW VALUES,0,0,0,0,0,0,0,0,0,0
2023/8/7 (Monday) 11:  :5,LED OFF,0,Cuvette Dark,36,36749,BASIC COUNTS,0.00,0.00,0.00,0.00,0.00,0.00,0.00,0.00,0.00,0.00,RAW VALUES,0,0,0,0,0,0,0,0,0,0
2023/8/7 (Monday) 11:  :6,LED OFF,0,Cuvette Dark,37,37412,BASIC COUNTS,0.00,0.00,0.00,0.00,0.00,0.00,0.00,0.00,0.00,0.00,RAW VALUES,0,0,0,0,0,0,0,0,0,0
2023/8/7 (Monday) 11:  :6,LED OFF,0,Cuvette Dark,38,38073,BASIC COUNTS,0.00,0.00,0.00,0.00,0.00,0.00,0.00,0.00,0.00,0.00,RAW VALUES,0,0,0,0,0,0,0,0,0,0
2023/8/7 (Monday) 11:  :7,LED OFF,0,Cuvette Dark,38,38734,BASIC COUNTS,0.00,0.00,0.00,0.00,0.00,0.00,0.00,0.00,0.00,0.00,RAW VALUES,0,0,0,0,0,0,0,0,0,0
2023/8/7 (Monday) 11:  :8,LED OFF,0,Cuvette Dark,39,39394,BASIC COUNTS,0.00,0.00,0.00,0.00,0.00,0.00,0.00,0.00,0.00,0.00,RAW VALUES,0,0,0,0,0,0,0,0,0,0
2023/8/7 (Monday) 11:  :8,LED OFF,0,Cuvette Dark,40,40055,BASIC COUNTS,0.00,0.00,0.00,0.00,0.00,0.00,0.00,0.00,0.00,0.00,RAW VALUES,0,0,0,0,0,0,0,0,0,0
2023/8/7 (Monday) 11:  :9,LED OFF,0,Cuvette Dark,40,40719,BASIC COUNTS,0.00,0.00,0.00,0.00,0.00,0.00,0.00,0.00,0.00,0.00,RAW VALUES,0,0,0,0,0,0,0,0,0,0
2023/8/7 (Monday) 11:  :10,LED OFF,0,Cuvette Dark,41,41381,BASIC COUNTS,0.00,0.00,0.00,0.00,0.00,0.00,0.00,0.00,0.00,0.00,RAW VALUES,0,0,0,0,0,0,0,0,0,0
2023/8/7 (Monday) 11:  :10,LED OFF,0,Cuvette Dark,42,42045,BASIC COUNTS,0.00,0.00,0.00,0.00,0.00,0.00,0.00,0.00,0.00,0.00,RAW VALUES,0,0,0,0,0,0,0,0,0,0
2023/8/7 (Monday) 11:  :11,LED OFF,0,Cuvette Dark,42,42708,BASIC COUNTS,0.00,0.00,0.00,0.00,0.00,0.00,0.00,0.00,0.00,0.00,RAW VALUES,0,0,0,0,0,0,0,0,0,0
2023/8/7 (Monday) 11:  :12,LED OFF,0,Cuvette Dark,43,43375,BASIC COUNTS,0.00,0.00,0.00,0.00,0.00,0.00,0.00,0.00,0.00,0.00,RAW VALUES,0,0,0,0,0,0,0,0,0,0
2023/8/7 (Monday) 11:  :12,LED OFF,0,Cuvette Dark,44,44041,BASIC COUNTS,0.00,0.00,0.00,0.00,0.00,0.00,0.00,0.00,0.00,0.00,RAW VALUES,0,0,0,0,0,0,0,0,0,0
2023/8/7 (Monday) 11:  :13,LED OFF,0,Cuvette Dark,44,44703,BASIC COUNTS,0.00,0.00,0.00,0.00,0.00,0.00,0.00,0.00,0.00,0.00,RAW VALUES,0,0,0,0,0,0,0,0,0,0
2023/8/7 (Monday) 11:  :14,LED OFF,0,Cuvette Dark,45,45365,BASIC COUNTS,0.00,0.00,0.00,0.00,0.00,0.00,0.00,0.00,0.00,0.00,RAW VALUES,0,0,0,0,0,0,0,0,0,0
2023/8/7 (Monday) 11:  :14,LED OFF,0,Cuvette Dark,46,46027,BASIC COUNTS,0.00,0.00,0.00,0.00,0.00,0.00,0.00,0.00,0.00,0.00,RAW VALUES,0,0,0,0,0,0,0,0,0,0
2023/8/7 (Monday) 11:  :15,LED OFF,0,Cuvette Dark,46,46693,BASIC COUNTS,0.00,0.00,0.00,0.00,0.00,0.00,0.00,0.00,0.00,0.00,RAW VALUES,0,0,0,0,0,0,0,0,0,0
2023/8/7 (Monday) 11:  :16,LED OFF,0,Cuvette Dark,47,47354,BASIC COUNTS,0.00,0.00,0.00,0.00,0.00,0.00,0.00,0.00,0.00,0.00,RAW VALUES,0,0,0,0,0,0,0,0,0,0
2023/8/7 (Monday) 11:  :16,LED OFF,0,Cuvette Dark,48,48013,BASIC COUNTS,0.00,0.00,0.00,0.00,0.00,0.00,0.00,0.00,0.00,0.00,RAW VALUES,0,0,0,0,0,0,0,0,0,0
2023/8/7 (Monday) 11:  :17,LED OFF,0,Cuvette Dark,48,48678,BASIC COUNTS,0.00,0.00,0.00,0.00,0.00,0.00,0.00,0.00,0.00,0.00,RAW VALUES,0,0,0,0,0,0,0,0,0,0
2023/8/7 (Monday) 11:  :17,LED OFF,0,Cuvette Dark,49,49339,BASIC COUNTS,0.00,0.00,0.00,0.00,0.00,0.00,0.00,0.00,0.00,0.00,RAW VALUES,0,0,0,0,0,0,0,0,0,0
2023/8/7 (Monday) 11:  :18,LED OFF,0,Cuvette Dark,50,50000,BASIC COUNTS,0.00,0.00,0.00,0.00,0.00,0.00,0.00,0.00,0.00,0.00,RAW VALUES,0,0,0,0,0,0,0,0,0,0
2023/8/7 (Monday) 11:  :19,LED OFF,0,Cuvette Dark,50,50663,BASIC COUNTS,0.00,0.00,0.00,0.00,0.00,0.00,0.00,0.00,0.00,0.00,RAW VALUES,0,0,0,0,0,0,0,0,0,0
2023/8/7 (Monday) 11:  :19,LED OFF,0,Cuvette Dark,51,51324,BASIC COUNTS,0.00,0.00,0.00,0.00,0.00,0.00,0.00,0.00,0.00,0.00,RAW VALUES,0,0,0,0,0,0,0,0,0,0
2023/8/7 (Monday) 11:  :20,LED OFF,0,Cuvette Dark,51,51983,BASIC COUNTS,0.00,0.00,0.00,0.00,0.00,0.00,0.00,0.00,0.00,0.00,RAW VALUES,0,0,0,0,0,0,0,0,0,0
2023/8/7 (Monday) 11:  :21,LED OFF,0,Cuvette Dark,52,52646,BASIC COUNTS,0.00,0.00,0.00,0.00,0.00,0.00,0.00,0.00,0.00,0.00,RAW VALUES,0,0,0,0,0,0,0,0,0,0
2023/8/7 (Monday) 11:  :21,LED OFF,0,Cuvette Dark,53,53308,BASIC COUNTS,0.00,0.00,0.00,0.00,0.00,0.00,0.00,0.00,0.00,0.00,RAW VALUES,0,0,0,0,0,0,0,0,0,0
2023/8/7 (Monday) 11:  :22,LED OFF,0,Cuvette Dark,53,53970,BASIC COUNTS,0.00,0.00,0.00,0.00,0.00,0.00,0.00,0.00,0.00,0.00,RAW VALUES,0,0,0,0,0,0,0,0,0,0
2023/8/7 (Monday) 11:  :23,LED OFF,0,Cuvette Dark,54,54632,BASIC COUNTS,0.00,0.00,0.00,0.00,0.00,0.00,0.00,0.00,0.00,0.00,RAW VALUES,0,0,0,0,0,0,0,0,0,0
2023/8/7 (Monday) 11:  :23,LED OFF,0,Cuvette Dark,55,55295,BASIC COUNTS,0.00,0.00,0.00,0.00,0.00,0.00,0.00,0.00,0.00,0.00,RAW VALUES,0,0,0,0,0,0,0,0,0,0
2023/8/7 (Monday) 11:  :24,LED OFF,0,Cuvette Dark,55,5,BASIC COUNTS,0.00,0.00,0.00,0.00,0.00,0.00,0.00,0.00,0.00,0.00,RAW VALUES,0,0,0,0,0,0,0,0,0,0
2023/8/7 (Monday) 11:  :25,LED OFF,0,Cuvette Dark,56,56623,BASIC COUNTS,0.00,0.00,0.00,0.00,0.00,0.00,0.00,0.00,0.00,0.00,RAW VALUES,0,0,0,0,0,0,0,0,0,0
2023/8/7 (Monday) 11:  :25,LED OFF,0,Cuvette Dark,57,57289,BASIC COUNTS,0.00,0.00,0.00,0.00,0.00,0.00,0.00,0.00,0.00,0.00,RAW VALUES,0,0,0,0,0,0,0,0,0,3
2023/8/7 (Monday) 11:  :26,LED OFF,0,Cuvette Dark,57,57953,BASIC COUNTS,0.00,0.00,0.00,0.00,0.00,0.00,0.00,0.00,0.00,0.00,RAW VALUES,0,0,0,0,0,0,0,0,0,0
2023/8/7 (Monday) 11:  :27,LED OFF,0,Cuvette Dark,58,58616,BASIC COUNTS,0.00,0.00,0.00,0.00,0.00,0.00,0.00,0.00,0.00,0.00,RAW VALUES,0,0,0,0,0,0,0,0,0,0
2023/8/7 (Monday) 11:  :27,LED OFF,0,Cuvette Dark,  ,277,BASIC COUNTS,0.00,0.00,0.00,0.00,0.00,0.00,0.00,0.00,0.00,0.00,RAW VALUES,0,0,0,0,0,0,0,0,0,0
2023/8/7 (Monday) 11:  :28,LED OFF,0,Cuvette Dark,  ,41,BASIC COUNTS,0.00,0.00,0.00,0.00,0.00,0.00,0.00,0.00,0.00,0.00,RAW VALUES,0,0,0,0,0,0,0,0,0,0
2023/8/7 (Monday) 11:  :29,LED OFF,0,Cuvette Dark,60,60603,BASIC COUNTS,0.00,0.00,0.00,0.00,0.00,0.00,0.00,0.00,0.00,0.00,RAW VALUES,0,0,0,0,0,0,0,0,0,0
2023/8/7 (Monday) 11:  :29,LED OFF,0,Cuvette Dark,61,61265,BASIC COUNTS,0.00,0.00,0.00,0.00,0.00,0.00,0.00,0.00,0.00,0.00,RAW VALUES,0,0,0,0,0,0,0,0,0,0
2023/8/7 (Monday) 11:  :30,LED OFF,0,Cuvette Dark,61,61930,BASIC COUNTS,0.00,0.00,0.00,0.00,0.00,0.00,0.00,0.00,0.00,0.00,RAW VALUES,0,0,0,0,0,0,0,0,0,0
2023/8/7 (Monday) 11:  :31,LED OFF,0,Cuvette Dark,62,62  2,BASIC COUNTS,0.00,0.00,0.00,0.00,0.00,0.00,0.00,0.00,0.00,0.00,RAW VALUES,0,0,0,0,0,0,0,0,0,0
2023/8/7 (Monday) 11:  :31,LED OFF,0,Cuvette Dark,63,63256,BASIC COUNTS,0.00,0.00,0.00,0.00,0.00,0.00,0.00,0.00,0.00,0.00,RAW VALUES,0,0,0,0,0,0,0,0,0,0
2023/8/7 (Monday) 11:  :32,LED OFF,0,Cuvette Dark,63,63920,BASIC COUNTS,0.00,0.00,0.00,0.00,0.00,0.00,0.00,0.00,0.00,0.00,RAW VALUES,0,0,0,0,0,0,0,0,0,0
2023/8/7 (Monday) 11:  :33,LED OFF,0,Cuvette Dark,64,64584,BASIC COUNTS,0.00,0.00,0.00,0.00,0.00,0.00,0.00,0.00,0.00,0.00,RAW VALUES,0,0,0,0,0,0,0,0,0,0
Date and Time,LED Status,LED Intensity,Test,Milliseconds,Seconds,Type,F1 (Basic),F2 (Basic),F3 (Basic),F4 (Basic),F5 (Basic),F6 (Basic),F7 (Basic),F8 (Basic),Clear (Basic),NIR (Basic),Type,F1 (Raw),F2 (Raw),F3 (Raw),F4 (Raw),F5 (Raw),F6 (Raw),F7 (Raw),F8 (Raw),Clear (Raw),NIR (Raw)
2023/8/7 (Monday) 11:  :46,LED ON,255,Cuvette Light,0,976,BASIC COUNTS,0.00,0.00,0.00,0.00,0.00,0.00,0.00,0.00,0.00,0.00,RAW VALUES,0,0,0,0,0,0,0,0,0,0
2023/8/7 (Monday) 11:  :47,LED ON,255,Cuvette Light,1,1637,BASIC COUNTS,0.00,0.00,0.00,0.00,0.00,0.00,0.00,0.00,0.00,0.00,RAW VALUES,0,0,0,0,2,21,37,32,68,3
2023/8/7 (Monday) 11:  :47,LED ON,255,Cuvette Light,2,2302,BASIC COUNTS,0.00,0.00,0.00,0.00,0.00,0.00,0.00,0.00,0.00,0.00,RAW VALUES,0,0,0,0,2,21,37,31,68,6
2023/8/7 (Monday) 11:  :48,LED ON,255,Cuvette Light,2,2965,BASIC COUNTS,0.00,0.00,0.00,0.00,0.00,0.00,0.00,0.00,0.00,0.00,RAW VALUES,0,0,0,0,2,21,37,31,69,6
2023/8/7 (Monday) 11:  :49,LED ON,255,Cuvette Light,3,3628,BASIC COUNTS,0.00,0.00,0.00,0.00,0.00,0.00,0.00,0.00,0.00,0.00,RAW VALUES,0,0,0,0,2,20,38,31,69,3
2023/8/7 (Monday) 11:  :49,LED ON,255,Cuvette Light,4,4293,BASIC COUNTS,0.00,0.00,0.00,0.00,0.00,0.00,0.00,0.00,0.00,0.00,RAW VALUES,1,0,0,0,2,20,37,31,68,3
2023/8/7 (Monday) 11:  :50,LED ON,255,Cuvette Light,4,4955,BASIC COUNTS,0.00,0.00,0.00,0.00,0.00,0.00,0.00,0.00,0.00,0.00,RAW VALUES,0,0,0,0,2,21,37,31,69,6
2023/8/7 (Monday) 11:  :51,LED ON,255,Cuvette Light,5,5619,BASIC COUNTS,0.00,0.00,0.00,0.00,0.00,0.00,0.00,0.00,0.00,0.00,RAW VALUES,0,0,0,0,2,20,37,31,68,3
2023/8/7 (Monday) 11:  :51,LED ON,255,Cuvette Light,6,6282,BASIC COUNTS,0.00,0.00,0.00,0.00,0.00,0.00,0.00,0.00,0.00,0.00,RAW VALUES,0,0,0,0,2,20,37,31,68,3
2023/8/7 (Monday) 11:  :52,LED ON,255,Cuvette Light,6,6942,BASIC COUNTS,0.00,0.00,0.00,0.00,0.00,0.00,0.00,0.00,0.00,0.00,RAW VALUES,0,0,0,0,2,19,37,31,68,3
2023/8/7 (Monday) 11:  :53,LED ON,255,Cuvette Light,7,7604,BASIC COUNTS,0.00,0.00,0.00,0.00,0.00,0.00,0.00,0.00,0.00,0.00,RAW VALUES,0,0,0,0,1,19,37,31,68,6
2023/8/7 (Monday) 11:  :53,LED ON,255,Cuvette Light,8,8270,BASIC COUNTS,0.00,0.00,0.00,0.00,0.00,0.00,0.00,0.00,0.00,0.00,RAW VALUES,0,0,0,0,1,21,38,31,68,6
2023/8/7 (Monday) 11:  :54,LED ON,255,Cuvette Light,8,8935,BASIC COUNTS,0.00,0.00,0.00,0.00,0.00,0.00,0.00,0.00,0.00,0.00,RAW VALUES,0,0,0,0,2,20,37,31,68,3
2023/8/7 (Monday) 11:  :55,LED ON,255,Cuvette Light,9,9  4,BASIC COUNTS,0.00,0.00,0.00,0.00,0.00,0.00,0.00,0.00,0.00,0.00,RAW VALUES,0,0,0,0,2,20,37,31,67,6
2023/8/7 (Monday) 11:  :55,LED ON,255,Cuvette Light,10,10257,BASIC COUNTS,0.00,0.00,0.00,0.00,0.00,0.00,0.00,0.00,0.00,0.00,RAW VALUES,0,0,0,0,1,20,37,31,68,3
2023/8/7 (Monday) 11:  :56,LED ON,255,Cuvette Light,10,10920,BASIC COUNTS,0.00,0.00,0.00,0.00,0.00,0.00,0.00,0.00,0.00,0.00,RAW VALUES,0,0,0,0,2,20,38,31,68,3
2023/8/7 (Monday) 11:  :57,LED ON,255,Cuvette Light,11,11582,BASIC COUNTS,0.00,0.00,0.00,0.00,0.00,0.00,0.00,0.00,0.00,0.00,RAW VALUES,0,0,0,0,2,20,37,31,68,3
2023/8/7 (Monday) 11:  :57,LED ON,255,Cuvette Light,12,12246,BASIC COUNTS,0.00,0.00,0.00,0.00,0.00,0.00,0.00,0.00,0.00,0.00,RAW VALUES,0,0,0,0,3,19,37,31,68,6
2023/8/7 (Monday) 11:  :58,LED ON,255,Cuvette Light,12,12909,BASIC COUNTS,0.00,0.00,0.00,0.00,0.00,0.00,0.00,0.00,0.00,0.00,RAW VALUES,0,0,0,0,2,20,37,31,67,3
2023/8/7 (Monday) 11:  :  ,LED ON,255,Cuvette Light,13,13571,BASIC COUNTS,0.00,0.00,0.00,0.00,0.00,0.00,0.00,0.00,0.00,0.00,RAW VALUES,0,0,0,0,2,20,37,31,67,3
2023/8/7 (Monday) 11:  :  ,LED ON,255,Cuvette Light,14,14236,BASIC COUNTS,0.00,0.00,0.00,0.00,0.00,0.00,0.00,0.00,0.00,0.00,RAW VALUES,0,0,0,0,2,19,37,31,69,6
2023/8/7 (Monday) 12:0:0,LED ON,255,Cuvette Light,14,14896,BASIC COUNTS,0.00,0.00,0.00,0.00,0.00,0.00,0.00,0.00,0.00,0.00,RAW VALUES,0,0,0,0,2,20,37,31,68,3
2023/8/7 (Monday) 12:0:1,LED ON,255,Cuvette Light,15,15561,BASIC COUNTS,0.00,0.00,0.00,0.00,0.00,0.00,0.00,0.00,0.00,0.00,RAW VALUES,0,0,0,0,1,19,38,30,68,6
2023/8/7 (Monday) 12:0:1,LED ON,255,Cuvette Light,16,16220,BASIC COUNTS,0.00,0.00,0.00,0.00,0.00,0.00,0.00,0.00,0.00,0.00,RAW VALUES,0,0,0,0,2,19,38,31,69,3
2023/8/7 (Monday) 12:0:2,LED ON,255,Cuvette Light,16,16884,BASIC COUNTS,0.00,0.00,0.00,0.00,0.00,0.00,0.00,0.00,0.00,0.00,RAW VALUES,0,0,0,0,2,20,37,31,68,3
2023/8/7 (Monday) 12:0:3,LED ON,255,Cuvette Light,17,17551,BASIC COUNTS,0.00,0.00,0.00,0.00,0.00,0.00,0.00,0.00,0.00,0.00,RAW VALUES,0,0,0,0,2,20,38,31,68,3
2023/8/7 (Monday) 12:0:3,LED ON,255,Cuvette Light,18,18214,BASIC COUNTS,0.00,0.00,0.00,0.00,0.00,0.00,0.00,0.00,0.00,0.00,RAW VALUES,0,0,0,0,2,19,37,31,68,3
2023/8/7 (Monday) 12:0:4,LED ON,255,Cuvette Light,18,18876,BASIC COUNTS,0.00,0.00,0.00,0.00,0.00,0.00,0.00,0.00,0.00,0.00,RAW VALUES,0,0,0,0,1,20,37,31,68,6
2023/8/7 (Monday) 12:0:5,LED ON,255,Cuvette Light,19,19537,BASIC COUNTS,0.00,0.00,0.00,0.00,0.00,0.00,0.00,0.00,0.00,0.00,RAW VALUES,0,0,0,0,2,19,37,31,67,3
2023/8/7 (Monday) 12:0:5,LED ON,255,Cuvette Light,20,20205,BASIC COUNTS,0.00,0.00,0.00,0.00,0.00,0.00,0.00,0.00,0.00,0.00,RAW VALUES,0,0,0,0,2,19,37,31,68,3
2023/8/7 (Monday) 12:0:6,LED ON,255,Cuvette Light,20,20866,BASIC COUNTS,0.00,0.00,0.00,0.00,0.00,0.00,0.00,0.00,0.00,0.00,RAW VALUES,0,0,0,0,1,20,38,31,68,3
2023/8/7 (Monday) 12:0:7,LED ON,255,Cuvette Light,21,21527,BASIC COUNTS,0.00,0.00,0.00,0.00,0.00,0.00,0.00,0.00,0.00,0.00,RAW VALUES,0,0,0,0,2,20,37,31,69,6
2023/8/7 (Monday) 12:0:7,LED ON,255,Cuvette Light,22,22190,BASIC COUNTS,0.00,0.00,0.00,0.00,0.00,0.00,0.00,0.00,0.00,0.00,RAW VALUES,0,0,0,0,2,19,37,31,68,6
2023/8/7 (Monday) 12:0:8,LED ON,255,Cuvette Light,22,22853,BASIC COUNTS,0.00,0.00,0.00,0.00,0.00,0.00,0.00,0.00,0.00,0.00,RAW VALUES,0,0,0,0,2,21,37,31,68,3
2023/8/7 (Monday) 12:0:9,LED ON,255,Cuvette Light,23,23516,BASIC COUNTS,0.00,0.00,0.00,0.00,0.00,0.00,0.00,0.00,0.00,0.00,RAW VALUES,0,0,0,0,2,20,37,31,68,6
2023/8/7 (Monday) 12:0:9,LED ON,255,Cuvette Light,24,24179,BASIC COUNTS,0.00,0.00,0.00,0.00,0.00,0.00,0.00,0.00,0.00,0.00,RAW VALUES,0,0,0,0,2,21,37,31,68,3
2023/8/7 (Monday) 12:0:10,LED ON,255,Cuvette Light,24,24844,BASIC COUNTS,0.00,0.00,0.00,0.00,0.00,0.00,0.00,0.00,0.00,0.00,RAW VALUES,0,0,0,0,2,20,37,31,68,6
2023/8/7 (Monday) 12:0:11,LED ON,255,Cuvette Light,25,25508,BASIC COUNTS,0.00,0.00,0.00,0.00,0.00,0.00,0.00,0.00,0.00,0.00,RAW VALUES,0,0,0,0,2,21,37,31,68,6
2023/8/7 (Monday) 12:0:11,LED ON,255,Cuvette Light,26,26169,BASIC COUNTS,0.00,0.00,0.00,0.00,0.00,0.00,0.00,0.00,0.00,0.00,RAW VALUES,0,0,0,0,2,20,37,31,68,3
2023/8/7 (Monday) 12:0:12,LED ON,255,Cuvette Light,26,26830,BASIC COUNTS,0.00,0.00,0.00,0.00,0.00,0.00,0.00,0.00,0.00,0.00,RAW VALUES,0,0,0,0,2,21,37,31,68,6
2023/8/7 (Monday) 12:0:13,LED ON,255,Cuvette Light,27,27496,BASIC COUNTS,0.00,0.00,0.00,0.00,0.00,0.00,0.00,0.00,0.00,0.00,RAW VALUES,0,0,0,0,2,20,37,30,68,3
2023/8/7 (Monday) 12:0:13,LED ON,255,Cuvette Light,28,28160,BASIC COUNTS,0.00,0.00,0.00,0.00,0.00,0.00,0.00,0.00,0.00,0.00,RAW VALUES,0,0,0,0,2,20,37,31,68,6
2023/8/7 (Monday) 12:0:14,LED ON,255,Cuvette Light,28,28823,BASIC COUNTS,0.00,0.00,0.00,0.00,0.00,0.00,0.00,0.00,0.00,0.00,RAW VALUES,0,0,0,0,2,20,37,31,68,6
2023/8/7 (Monday) 12:0:15,LED ON,255,Cuvette Light,29,29485,BASIC COUNTS,0.00,0.00,0.00,0.00,0.00,0.00,0.00,0.00,0.00,0.00,RAW VALUES,0,0,0,0,1,20,37,31,68,3
2023/8/7 (Monday) 12:0:15,LED ON,255,Cuvette Light,30,30146,BASIC COUNTS,0.00,0.00,0.00,0.00,0.00,0.00,0.00,0.00,0.00,0.00,RAW VALUES,0,0,0,0,1,20,37,31,68,6
2023/8/7 (Monday) 12:0:16,LED ON,255,Cuvette Light,30,30810,BASIC COUNTS,0.00,0.00,0.00,0.00,0.00,0.00,0.00,0.00,0.00,0.00,RAW VALUES,0,0,0,0,2,20,37,31,68,3
2023/8/7 (Monday) 12:0:17,LED ON,255,Cuvette Light,31,31475,BASIC COUNTS,0.00,0.00,0.00,0.00,0.00,0.00,0.00,0.00,0.00,0.00,RAW VALUES,1,0,0,0,2,20,37,31,68,3
2023/8/7 (Monday) 12:0:17,LED ON,255,Cuvette Light,32,32135,BASIC COUNTS,0.00,0.00,0.00,0.00,0.00,0.00,0.00,0.00,0.00,0.00,RAW VALUES,0,0,0,0,2,21,37,31,68,6
2023/8/7 (Monday) 12:0:18,LED ON,255,Cuvette Light,32,32799,BASIC COUNTS,0.00,0.00,0.00,0.00,0.00,0.00,0.00,0.00,0.00,0.00,RAW VALUES,0,0,0,0,2,20,37,31,68,6
2023/8/7 (Monday) 12:0:19,LED ON,255,Cuvette Light,33,33462,BASIC COUNTS,0.00,0.00,0.00,0.00,0.00,0.00,0.00,0.00,0.00,0.00,RAW VALUES,0,0,0,0,1,20,37,31,68,6
2023/8/7 (Monday) 12:0:19,LED ON,255,Cuvette Light,34,34126,BASIC COUNTS,0.00,0.00,0.00,0.00,0.00,0.00,0.00,0.00,0.00,0.00,RAW VALUES,0,0,0,0,3,20,37,31,68,6
2023/8/7 (Monday) 12:0:20,LED ON,255,Cuvette Light,34,34792,BASIC COUNTS,0.00,0.00,0.00,0.00,0.00,0.00,0.00,0.00,0.00,0.00,RAW VALUES,0,0,0,0,2,20,37,31,68,6
2023/8/7 (Monday) 12:0:21,LED ON,255,Cuvette Light,35,35453,BASIC COUNTS,0.00,0.00,0.00,0.00,0.00,0.00,0.00,0.00,0.00,0.00,RAW VALUES,0,0,0,0,2,21,37,30,68,6
2023/8/7 (Monday) 12:0:21,LED ON,255,Cuvette Light,36,36117,BASIC COUNTS,0.00,0.00,0.00,0.00,0.00,0.00,0.00,0.00,0.00,0.00,RAW VALUES,0,0,0,0,2,20,37,31,68,3
2023/8/7 (Monday) 12:0:22,LED ON,255,Cuvette Light,36,36782,BASIC COUNTS,0.00,0.00,0.00,0.00,0.00,0.00,0.00,0.00,0.00,0.00,RAW VALUES,0,0,0,0,1,20,37,31,68,3
2023/8/7 (Monday) 12:0:23,LED ON,255,Cuvette Light,37,37441,BASIC COUNTS,0.00,0.00,0.00,0.00,0.00,0.00,0.00,0.00,0.00,0.00,RAW VALUES,0,0,0,0,1,20,37,31,68,3
2023/8/7 (Monday) 12:0:23,LED ON,255,Cuvette Light,38,38101,BASIC COUNTS,0.00,0.00,0.00,0.00,0.00,0.00,0.00,0.00,0.00,0.00,RAW VALUES,0,0,0,0,2,20,37,31,68,6
2023/8/7 (Monday) 12:0:24,LED ON,255,Cuvette Light,38,38766,BASIC COUNTS,0.00,0.00,0.00,0.00,0.00,0.00,0.00,0.00,0.00,0.00,RAW VALUES,0,0,0,0,1,20,37,31,68,3
2023/8/7 (Monday) 12:0:25,LED ON,255,Cuvette Light,39,39430,BASIC COUNTS,0.00,0.00,0.00,0.00,0.00,0.00,0.00,0.00,0.00,0.00,RAW VALUES,0,0,0,0,1,21,37,30,68,3
2023/8/7 (Monday) 12:0:25,LED ON,255,Cuvette Light,40,40090,BASIC COUNTS,0.00,0.00,0.00,0.00,0.00,0.00,0.00,0.00,0.00,0.00,RAW VALUES,0,0,0,0,2,20,37,31,68,3
2023/8/7 (Monday) 12:0:26,LED ON,255,Cuvette Light,40,40754,BASIC COUNTS,0.00,0.00,0.00,0.00,0.00,0.00,0.00,0.00,0.00,0.00,RAW VALUES,0,0,0,0,2,20,37,31,68,3
2023/8/7 (Monday) 12:0:27,LED ON,255,Cuvette Light,41,41418,BASIC COUNTS,0.00,0.00,0.00,0.00,0.00,0.00,0.00,0.00,0.00,0.00,RAW VALUES,0,0,0,0,1,21,37,31,68,3
2023/8/7 (Monday) 12:0:27,LED ON,255,Cuvette Light,42,42082,BASIC COUNTS,0.00,0.00,0.00,0.00,0.00,0.00,0.00,0.00,0.00,0.00,RAW VALUES,0,0,0,0,1,20,36,31,67,6
2023/8/7 (Monday) 12:0:28,LED ON,255,Cuvette Light,42,42747,BASIC COUNTS,0.00,0.00,0.00,0.00,0.00,0.00,0.00,0.00,0.00,0.00,RAW VALUES,0,0,0,0,2,20,37,31,68,3
2023/8/7 (Monday) 12:0:29,LED ON,255,Cuvette Light,43,43412,BASIC COUNTS,0.00,0.00,0.00,0.00,0.00,0.00,0.00,0.00,0.00,0.00,RAW VALUES,0,0,0,0,2,20,37,31,68,5
2023/8/7 (Monday) 12:0:29,LED ON,255,Cuvette Light,44,44077,BASIC COUNTS,0.00,0.00,0.00,0.00,0.00,0.00,0.00,0.00,0.00,0.00,RAW VALUES,0,0,0,0,2,21,37,31,68,3
2023/8/7 (Monday) 12:0:30,LED ON,255,Cuvette Light,44,44738,BASIC COUNTS,0.00,0.00,0.00,0.00,0.00,0.00,0.00,0.00,0.00,0.00,RAW VALUES,0,0,0,0,2,19,37,31,67,3
2023/8/7 (Monday) 12:0:31,LED ON,255,Cuvette Light,45,45400,BASIC COUNTS,0.00,0.00,0.00,0.00,0.00,0.00,0.00,0.00,0.00,0.00,RAW VALUES,0,0,0,0,2,19,37,31,68,6
2023/8/7 (Monday) 12:0:31,LED ON,255,Cuvette Light,46,46063,BASIC COUNTS,0.00,0.00,0.00,0.00,0.00,0.00,0.00,0.00,0.00,0.00,RAW VALUES,0,0,0,0,2,21,37,30,68,6
2023/8/7 (Monday) 12:0:32,LED ON,255,Cuvette Light,46,46726,BASIC COUNTS,0.00,0.00,0.00,0.00,0.00,0.00,0.00,0.00,0.00,0.00,RAW VALUES,0,0,0,0,2,20,37,31,67,3
2023/8/7 (Monday) 12:0:33,LED ON,255,Cuvette Light,47,47394,BASIC COUNTS,0.00,0.00,0.00,0.00,0.00,0.00,0.00,0.00,0.00,0.00,RAW VALUES,0,0,0,0,2,20,37,31,68,3
2023/8/7 (Monday) 12:0:33,LED ON,255,Cuvette Light,48,48054,BASIC COUNTS,0.00,0.00,0.00,0.00,0.00,0.00,0.00,0.00,0.00,0.00,RAW VALUES,0,0,0,0,2,21,37,30,68,6
2023/8/7 (Monday) 12:0:34,LED ON,255,Cuvette Light,48,48715,BASIC COUNTS,0.00,0.00,0.00,0.00,0.00,0.00,0.00,0.00,0.00,0.00,RAW VALUES,0,0,0,0,3,19,37,31,68,3
2023/8/7 (Monday) 12:0:34,LED ON,255,Cuvette Light,49,49376,BASIC COUNTS,0.00,0.00,0.00,0.00,0.00,0.00,0.00,0.00,0.00,0.00,RAW VALUES,0,0,0,0,2,21,37,30,67,3
2023/8/7 (Monday) 12:0:35,LED ON,255,Cuvette Light,50,50039,BASIC COUNTS,0.00,0.00,0.00,0.00,0.00,0.00,0.00,0.00,0.00,0.00,RAW VALUES,0,0,0,0,2,21,37,30,68,6
2023/8/7 (Monday) 12:0:36,LED ON,255,Cuvette Light,50,50702,BASIC COUNTS,0.00,0.00,0.00,0.00,0.00,0.00,0.00,0.00,0.00,0.00,RAW VALUES,0,0,0,0,2,20,37,31,68,6
2023/8/7 (Monday) 12:0:36,LED ON,255,Cuvette Light,51,51364,BASIC COUNTS,0.00,0.00,0.00,0.00,0.00,0.00,0.00,0.00,0.00,0.00,RAW VALUES,0,0,0,0,2,20,37,31,68,3
2023/8/7 (Monday) 12:0:37,LED ON,255,Cuvette Light,52,52028,BASIC COUNTS,0.00,0.00,0.00,0.00,0.00,0.00,0.00,0.00,0.00,0.00,RAW VALUES,0,0,0,0,2,20,37,31,67,3
2023/8/7 (Monday) 12:0:38,LED ON,255,Cuvette Light,52,52694,BASIC COUNTS,0.00,0.00,0.00,0.00,0.00,0.00,0.00,0.00,0.00,0.00,RAW VALUES,0,0,0,0,2,20,37,31,68,6
2023/8/7 (Monday) 12:0:38,LED ON,255,Cuvette Light,53,53355,BASIC COUNTS,0.00,0.00,0.00,0.00,0.00,0.00,0.00,0.00,0.00,0.00,RAW VALUES,0,0,0,0,2,21,37,31,68,6
2023/8/7 (Monday) 12:0:39,LED ON,255,Cuvette Light,54,54016,BASIC COUNTS,0.00,0.00,0.00,0.00,0.00,0.00,0.00,0.00,0.00,0.00,RAW VALUES,1,0,0,0,1,20,36,30,67,6
2023/8/7 (Monday) 12:0:40,LED ON,255,Cuvette Light,54,54676,BASIC COUNTS,0.00,0.00,0.00,0.00,0.00,0.00,0.00,0.00,0.00,0.00,RAW VALUES,1,0,0,0,2,20,37,31,67,3
2023/8/7 (Monday) 12:0:40,LED ON,255,Cuvette Light,55,55340,BASIC COUNTS,0.00,0.00,0.00,0.00,0.00,0.00,0.00,0.00,0.00,0.00,RAW VALUES,0,0,0,0,2,20,37,31,68,3
2023/8/7 (Monday) 12:0:41,LED ON,255,Cuvette Light,56,56003,BASIC COUNTS,0.00,0.00,0.00,0.00,0.00,0.00,0.00,0.00,0.00,0.00,RAW VALUES,0,0,0,0,2,20,37,31,67,6
2023/8/7 (Monday) 12:0:42,LED ON,255,Cuvette Light,56,56668,BASIC COUNTS,0.00,0.00,0.00,0.00,0.00,0.00,0.00,0.00,0.00,0.00,RAW VALUES,0,0,0,0,2,20,37,31,68,6
2023/8/7 (Monday) 12:0:42,LED ON,255,Cuvette Light,57,57331,BASIC COUNTS,0.00,0.00,0.00,0.00,0.00,0.00,0.00,0.00,0.00,0.00,RAW VALUES,0,0,0,0,2,19,37,31,68,6
2023/8/7 (Monday) 12:0:43,LED ON,255,Cuvette Light,57,57993,BASIC COUNTS,0.00,0.00,0.00,0.00,0.00,0.00,0.00,0.00,0.00,0.00,RAW VALUES,0,0,0,0,2,20,37,30,68,3
2023/8/7 (Monday) 12:0:44,LED ON,255,Cuvette Light,58,58657,BASIC COUNTS,0.00,0.00,0.00,0.00,0.00,0.00,0.00,0.00,0.00,0.00,RAW VALUES,0,0,0,0,2,20,37,31,68,3
2023/8/7 (Monday) 12:0:44,LED ON,255,Cuvette Light,  ,317,BASIC COUNTS,0.00,0.00,0.00,0.00,0.00,0.00,0.00,0.00,0.00,0.00,RAW VALUES,0,0,0,0,1,21,37,31,67,3
2023/8/7 (Monday) 12:0:45,LED ON,255,Cuvette Light,  ,77,BASIC COUNTS,0.00,0.00,0.00,0.00,0.00,0.00,0.00,0.00,0.00,0.00,RAW VALUES,1,0,0,0,1,20,37,31,67,6
2023/8/7 (Monday) 12:0:46,LED ON,255,Cuvette Light,60,60641,BASIC COUNTS,0.00,0.00,0.00,0.00,0.00,0.00,0.00,0.00,0.00,0.00,RAW VALUES,0,0,0,0,1,21,37,31,68,6
2023/8/7 (Monday) 12:0:46,LED ON,255,Cuvette Light,61,61303,BASIC COUNTS,0.00,0.00,0.00,0.00,0.00,0.00,0.00,0.00,0.00,0.00,RAW VALUES,0,0,0,0,2,20,36,31,67,3
2023/8/7 (Monday) 12:0:47,LED ON,255,Cuvette Light,61,61966,BASIC COUNTS,0.00,0.00,0.00,0.00,0.00,0.00,0.00,0.00,0.00,0.00,RAW VALUES,0,0,0,0,2,19,37,30,67,6
2023/8/7 (Monday) 12:0:48,LED ON,255,Cuvette Light,62,62631,BASIC COUNTS,0.00,0.00,0.00,0.00,0.00,0.00,0.00,0.00,0.00,0.00,RAW VALUES,0,0,0,0,2,20,37,31,67,6
Date and Time,LED Status,LED Intensity,Test,Milliseconds,Seconds,Type,F1 (Basic),F2 (Basic),F3 (Basic),F4 (Basic),F5 (Basic),F6 (Basic),F7 (Basic),F8 (Basic),Clear (Basic),NIR (Basic),Type,F1 (Raw),F2 (Raw),F3 (Raw),F4 (Raw),F5 (Raw),F6 (Raw),F7 (Raw),F8 (Raw),Clear (Raw),NIR (Raw)
2023/8/7 (Monday) 12:1:50,LED OFF,0,DI Water Dark,0,977,BASIC COUNTS,0.00,0.00,0.00,0.00,0.00,0.00,0.00,0.00,0.00,0.00,RAW VALUES,0,0,0,0,0,0,0,0,0,0
2023/8/7 (Monday) 12:1:51,LED OFF,0,DI Water Dark,1,1639,BASIC COUNTS,0.00,0.00,0.00,0.00,0.00,0.00,0.00,0.00,0.00,0.00,RAW VALUES,0,0,0,0,0,0,0,0,0,3
2023/8/7 (Monday) 12:1:52,LED OFF,0,DI Water Dark,2,2304,BASIC COUNTS,0.00,0.00,0.00,0.00,0.00,0.00,0.00,0.00,0.00,0.00,RAW VALUES,0,0,0,0,0,0,0,0,0,0
2023/8/7 (Monday) 12:1:52,LED OFF,0,DI Water Dark,2,2966,BASIC COUNTS,0.00,0.00,0.00,0.00,0.00,0.00,0.00,0.00,0.00,0.00,RAW VALUES,0,0,0,0,0,0,0,0,0,0
2023/8/7 (Monday) 12:1:53,LED OFF,0,DI Water Dark,3,3633,BASIC COUNTS,0.00,0.00,0.00,0.00,0.00,0.00,0.00,0.00,0.00,0.00,RAW VALUES,0,0,0,0,0,0,0,0,0,0
2023/8/7 (Monday) 12:1:54,LED OFF,0,DI Water Dark,4,4296,BASIC COUNTS,0.00,0.00,0.00,0.00,0.00,0.00,0.00,0.00,0.00,0.00,RAW VALUES,0,0,0,0,0,0,0,0,0,0
2023/8/7 (Monday) 12:1:54,LED OFF,0,DI Water Dark,4,4957,BASIC COUNTS,0.00,0.00,0.00,0.00,0.00,0.00,0.00,0.00,0.00,0.00,RAW VALUES,0,0,0,0,0,0,0,0,0,0
2023/8/7 (Monday) 12:1:55,LED OFF,0,DI Water Dark,5,5622,BASIC COUNTS,0.00,0.00,0.00,0.00,0.00,0.00,0.00,0.00,0.00,0.00,RAW VALUES,0,0,0,0,0,0,0,0,0,0
2023/8/7 (Monday) 12:1:56,LED OFF,0,DI Water Dark,6,6283,BASIC COUNTS,0.00,0.00,0.00,0.00,0.00,0.00,0.00,0.00,0.00,0.00,RAW VALUES,0,0,0,0,0,0,0,0,0,0
2023/8/7 (Monday) 12:1:56,LED OFF,0,DI Water Dark,6,6945,BASIC COUNTS,0.00,0.00,0.00,0.00,0.00,0.00,0.00,0.00,0.00,0.00,RAW VALUES,0,0,0,0,0,0,0,0,0,0
2023/8/7 (Monday) 12:1:57,LED OFF,0,DI Water Dark,7,7606,BASIC COUNTS,0.00,0.00,0.00,0.00,0.00,0.00,0.00,0.00,0.00,0.00,RAW VALUES,0,0,0,0,0,0,0,0,0,0
2023/8/7 (Monday) 12:1:58,LED OFF,0,DI Water Dark,8,8272,BASIC COUNTS,0.00,0.00,0.00,0.00,0.00,0.00,0.00,0.00,0.00,0.00,RAW VALUES,0,0,0,0,0,0,0,0,0,0
2023/8/7 (Monday) 12:1:58,LED OFF,0,DI Water Dark,8,8934,BASIC COUNTS,0.00,0.00,0.00,0.00,0.00,0.00,0.00,0.00,0.00,0.00,RAW VALUES,0,0,0,0,0,0,0,0,0,0
2023/8/7 (Monday) 12:1:  ,LED OFF,0,DI Water Dark,9,9  6,BASIC COUNTS,0.00,0.00,0.00,0.00,0.00,0.00,0.00,0.00,0.00,0.00,RAW VALUES,0,0,0,0,0,0,0,0,0,0
2023/8/7 (Monday) 12:2:0,LED OFF,0,DI Water Dark,10,10261,BASIC COUNTS,0.00,0.00,0.00,0.00,0.00,0.00,0.00,0.00,0.00,0.00,RAW VALUES,0,0,0,0,0,0,0,0,0,0
2023/8/7 (Monday) 12:2:0,LED OFF,0,DI Water Dark,10,10920,BASIC COUNTS,0.00,0.00,0.00,0.00,0.00,0.00,0.00,0.00,0.00,0.00,RAW VALUES,0,0,0,0,0,0,0,0,0,0
2023/8/7 (Monday) 12:2:1,LED OFF,0,DI Water Dark,11,11581,BASIC COUNTS,0.00,0.00,0.00,0.00,0.00,0.00,0.00,0.00,0.00,0.00,RAW VALUES,0,0,0,0,0,0,0,0,0,0
2023/8/7 (Monday) 12:2:2,LED OFF,0,DI Water Dark,12,12244,BASIC COUNTS,0.00,0.00,0.00,0.00,0.00,0.00,0.00,0.00,0.00,0.00,RAW VALUES,0,0,0,0,0,0,0,0,0,0
2023/8/7 (Monday) 12:2:2,LED OFF,0,DI Water Dark,12,12906,BASIC COUNTS,0.00,0.00,0.00,0.00,0.00,0.00,0.00,0.00,0.00,0.00,RAW VALUES,0,0,0,0,0,0,0,0,0,0
2023/8/7 (Monday) 12:2:3,LED OFF,0,DI Water Dark,13,13568,BASIC COUNTS,0.00,0.00,0.00,0.00,0.00,0.00,0.00,0.00,0.00,0.00,RAW VALUES,0,0,0,0,0,0,0,0,0,0
2023/8/7 (Monday) 12:2:4,LED OFF,0,DI Water Dark,14,14230,BASIC COUNTS,0.00,0.00,0.00,0.00,0.00,0.00,0.00,0.00,0.00,0.00,RAW VALUES,0,0,0,0,0,0,0,0,0,0
2023/8/7 (Monday) 12:2:4,LED OFF,0,DI Water Dark,14,14892,BASIC COUNTS,0.00,0.00,0.00,0.00,0.00,0.00,0.00,0.00,0.00,0.00,RAW VALUES,0,0,0,0,0,0,0,0,0,0
2023/8/7 (Monday) 12:2:5,LED OFF,0,DI Water Dark,15,15555,BASIC COUNTS,0.00,0.00,0.00,0.00,0.00,0.00,0.00,0.00,0.00,0.00,RAW VALUES,0,0,0,0,0,0,0,0,0,0
2023/8/7 (Monday) 12:2:6,LED OFF,0,DI Water Dark,16,16219,BASIC COUNTS,0.00,0.00,0.00,0.00,0.00,0.00,0.00,0.00,0.00,0.00,RAW VALUES,0,0,0,0,0,0,0,0,0,0
2023/8/7 (Monday) 12:2:6,LED OFF,0,DI Water Dark,16,16876,BASIC COUNTS,0.00,0.00,0.00,0.00,0.00,0.00,0.00,0.00,0.00,0.00,RAW VALUES,0,0,0,0,0,0,0,0,0,0
2023/8/7 (Monday) 12:2:7,LED OFF,0,DI Water Dark,17,17541,BASIC COUNTS,0.00,0.00,0.00,0.00,0.00,0.00,0.00,0.00,0.00,0.00,RAW VALUES,0,0,0,0,0,0,0,0,0,0
2023/8/7 (Monday) 12:2:8,LED OFF,0,DI Water Dark,18,18205,BASIC COUNTS,0.00,0.00,0.00,0.00,0.00,0.00,0.00,0.00,0.00,0.00,RAW VALUES,0,0,0,0,0,0,0,0,0,0
2023/8/7 (Monday) 12:2:8,LED OFF,0,DI Water Dark,18,18866,BASIC COUNTS,0.00,0.00,0.00,0.00,0.00,0.00,0.00,0.00,0.00,0.00,RAW VALUES,0,0,0,0,0,0,0,0,0,0
2023/8/7 (Monday) 12:2:9,LED OFF,0,DI Water Dark,19,19528,BASIC COUNTS,0.00,0.00,0.00,0.00,0.00,0.00,0.00,0.00,0.00,0.00,RAW VALUES,0,0,0,0,0,0,0,0,0,0
2023/8/7 (Monday) 12:2:10,LED OFF,0,DI Water Dark,20,20189,BASIC COUNTS,0.00,0.00,0.00,0.00,0.00,0.00,0.00,0.00,0.00,0.00,RAW VALUES,0,0,0,0,0,0,0,0,0,0
2023/8/7 (Monday) 12:2:10,LED OFF,0,DI Water Dark,20,20850,BASIC COUNTS,0.00,0.00,0.00,0.00,0.00,0.00,0.00,0.00,0.00,0.00,RAW VALUES,0,0,0,0,0,0,0,0,0,0
2023/8/7 (Monday) 12:2:11,LED OFF,0,DI Water Dark,21,21515,BASIC COUNTS,0.00,0.00,0.00,0.00,0.00,0.00,0.00,0.00,0.00,0.00,RAW VALUES,0,0,0,0,0,0,0,0,0,0
2023/8/7 (Monday) 12:2:12,LED OFF,0,DI Water Dark,22,22176,BASIC COUNTS,0.00,0.00,0.00,0.00,0.00,0.00,0.00,0.00,0.00,0.00,RAW VALUES,0,0,0,0,0,0,0,0,0,0
2023/8/7 (Monday) 12:2:12,LED OFF,0,DI Water Dark,22,22835,BASIC COUNTS,0.00,0.00,0.00,0.00,0.00,0.00,0.00,0.00,0.00,0.00,RAW VALUES,0,0,0,0,0,0,0,0,0,0
2023/8/7 (Monday) 12:2:13,LED OFF,0,DI Water Dark,23,23502,BASIC COUNTS,0.00,0.00,0.00,0.00,0.00,0.00,0.00,0.00,0.00,0.00,RAW VALUES,0,0,0,0,0,0,0,0,0,0
2023/8/7 (Monday) 12:2:14,LED OFF,0,DI Water Dark,24,24164,BASIC COUNTS,0.00,0.00,0.00,0.00,0.00,0.00,0.00,0.00,0.00,0.00,RAW VALUES,0,0,0,0,0,0,0,0,0,0
2023/8/7 (Monday) 12:2:14,LED OFF,0,DI Water Dark,24,24829,BASIC COUNTS,0.00,0.00,0.00,0.00,0.00,0.00,0.00,0.00,0.00,0.00,RAW VALUES,0,0,0,0,0,0,0,0,0,0
2023/8/7 (Monday) 12:2:15,LED OFF,0,DI Water Dark,25,25495,BASIC COUNTS,0.00,0.00,0.00,0.00,0.00,0.00,0.00,0.00,0.00,0.00,RAW VALUES,0,0,0,0,0,0,0,0,0,0
2023/8/7 (Monday) 12:2:16,LED OFF,0,DI Water Dark,26,26155,BASIC COUNTS,0.00,0.00,0.00,0.00,0.00,0.00,0.00,0.00,0.00,0.00,RAW VALUES,0,0,0,0,0,0,0,0,0,0
2023/8/7 (Monday) 12:2:16,LED OFF,0,DI Water Dark,26,26818,BASIC COUNTS,0.00,0.00,0.00,0.00,0.00,0.00,0.00,0.00,0.00,0.00,RAW VALUES,0,0,0,0,0,0,0,0,0,0
2023/8/7 (Monday) 12:2:17,LED OFF,0,DI Water Dark,27,27481,BASIC COUNTS,0.00,0.00,0.00,0.00,0.00,0.00,0.00,0.00,0.00,0.00,RAW VALUES,0,0,0,0,0,0,0,0,0,0
2023/8/7 (Monday) 12:2:18,LED OFF,0,DI Water Dark,28,28142,BASIC COUNTS,0.00,0.00,0.00,0.00,0.00,0.00,0.00,0.00,0.00,0.00,RAW VALUES,0,0,0,0,0,0,0,0,0,0
2023/8/7 (Monday) 12:2:18,LED OFF,0,DI Water Dark,28,28806,BASIC COUNTS,0.00,0.00,0.00,0.00,0.00,0.00,0.00,0.00,0.00,0.00,RAW VALUES,0,0,0,0,0,0,0,0,0,0
2023/8/7 (Monday) 12:2:19,LED OFF,0,DI Water Dark,29,29468,BASIC COUNTS,0.00,0.00,0.00,0.00,0.00,0.00,0.00,0.00,0.00,0.00,RAW VALUES,0,0,0,0,0,0,0,0,0,0
2023/8/7 (Monday) 12:2:20,LED OFF,0,DI Water Dark,30,30130,BASIC COUNTS,0.00,0.00,0.00,0.00,0.00,0.00,0.00,0.00,0.00,0.00,RAW VALUES,0,0,0,0,0,0,0,0,0,1
2023/8/7 (Monday) 12:2:20,LED OFF,0,DI Water Dark,30,30791,BASIC COUNTS,0.00,0.00,0.00,0.00,0.00,0.00,0.00,0.00,0.00,0.00,RAW VALUES,0,0,0,0,0,0,0,0,0,0
2023/8/7 (Monday) 12:2:21,LED OFF,0,DI Water Dark,31,31453,BASIC COUNTS,0.00,0.00,0.00,0.00,0.00,0.00,0.00,0.00,0.00,0.00,RAW VALUES,0,0,0,0,0,0,0,0,0,0
2023/8/7 (Monday) 12:2:22,LED OFF,0,DI Water Dark,32,32119,BASIC COUNTS,0.00,0.00,0.00,0.00,0.00,0.00,0.00,0.00,0.00,0.00,RAW VALUES,0,0,0,0,0,0,0,0,0,0
2023/8/7 (Monday) 12:2:22,LED OFF,0,DI Water Dark,32,32782,BASIC COUNTS,0.00,0.00,0.00,0.00,0.00,0.00,0.00,0.00,0.00,0.00,RAW VALUES,0,0,0,0,0,0,0,0,0,0
2023/8/7 (Monday) 12:2:23,LED OFF,0,DI Water Dark,33,33446,BASIC COUNTS,0.00,0.00,0.00,0.00,0.00,0.00,0.00,0.00,0.00,0.00,RAW VALUES,0,0,0,0,0,0,0,0,0,0
2023/8/7 (Monday) 12:2:24,LED OFF,0,DI Water Dark,34,34108,BASIC COUNTS,0.00,0.00,0.00,0.00,0.00,0.00,0.00,0.00,0.00,0.00,RAW VALUES,0,0,0,0,0,0,0,0,0,0
2023/8/7 (Monday) 12:2:24,LED OFF,0,DI Water Dark,34,34772,BASIC COUNTS,0.00,0.00,0.00,0.00,0.00,0.00,0.00,0.00,0.00,0.00,RAW VALUES,0,0,0,0,0,0,0,0,0,0
2023/8/7 (Monday) 12:2:25,LED OFF,0,DI Water Dark,35,35434,BASIC COUNTS,0.00,0.00,0.00,0.00,0.00,0.00,0.00,0.00,0.00,0.00,RAW VALUES,0,0,0,0,0,0,0,0,0,0
2023/8/7 (Monday) 12:2:26,LED OFF,0,DI Water Dark,36,36097,BASIC COUNTS,0.00,0.00,0.00,0.00,0.00,0.00,0.00,0.00,0.00,0.00,RAW VALUES,0,0,0,0,0,0,0,0,0,0
2023/8/7 (Monday) 12:2:26,LED OFF,0,DI Water Dark,36,36760,BASIC COUNTS,0.00,0.00,0.00,0.00,0.00,0.00,0.00,0.00,0.00,0.00,RAW VALUES,0,0,0,0,0,0,0,0,0,0
2023/8/7 (Monday) 12:2:27,LED OFF,0,DI Water Dark,37,37422,BASIC COUNTS,0.00,0.00,0.00,0.00,0.00,0.00,0.00,0.00,0.00,0.00,RAW VALUES,0,0,0,0,0,0,0,0,0,0
2023/8/7 (Monday) 12:2:28,LED OFF,0,DI Water Dark,38,38083,BASIC COUNTS,0.00,0.00,0.00,0.00,0.00,0.00,0.00,0.00,0.00,0.00,RAW VALUES,0,0,0,0,0,0,0,0,0,0
2023/8/7 (Monday) 12:2:28,LED OFF,0,DI Water Dark,38,38745,BASIC COUNTS,0.00,0.00,0.00,0.00,0.00,0.00,0.00,0.00,0.00,0.00,RAW VALUES,0,0,0,0,0,0,0,0,0,3
2023/8/7 (Monday) 12:2:29,LED OFF,0,DI Water Dark,39,39407,BASIC COUNTS,0.00,0.00,0.00,0.00,0.00,0.00,0.00,0.00,0.00,0.00,RAW VALUES,0,0,0,0,0,0,0,0,0,0
2023/8/7 (Monday) 12:2:30,LED OFF,0,DI Water Dark,40,40067,BASIC COUNTS,0.00,0.00,0.00,0.00,0.00,0.00,0.00,0.00,0.00,0.00,RAW VALUES,0,0,0,0,0,0,0,0,0,0
2023/8/7 (Monday) 12:2:30,LED OFF,0,DI Water Dark,40,40727,BASIC COUNTS,0.00,0.00,0.00,0.00,0.00,0.00,0.00,0.00,0.00,0.00,RAW VALUES,0,0,0,0,0,0,0,0,0,0
2023/8/7 (Monday) 12:2:31,LED OFF,0,DI Water Dark,41,41390,BASIC COUNTS,0.00,0.00,0.00,0.00,0.00,0.00,0.00,0.00,0.00,0.00,RAW VALUES,0,0,0,0,0,0,0,0,0,0
2023/8/7 (Monday) 12:2:32,LED OFF,0,DI Water Dark,42,42051,BASIC COUNTS,0.00,0.00,0.00,0.00,0.00,0.00,0.00,0.00,0.00,0.00,RAW VALUES,0,0,0,0,0,0,0,0,0,0
2023/8/7 (Monday) 12:2:32,LED OFF,0,DI Water Dark,42,42712,BASIC COUNTS,0.00,0.00,0.00,0.00,0.00,0.00,0.00,0.00,0.00,0.00,RAW VALUES,0,0,0,0,0,0,0,0,0,0
2023/8/7 (Monday) 12:2:33,LED OFF,0,DI Water Dark,43,43375,BASIC COUNTS,0.00,0.00,0.00,0.00,0.00,0.00,0.00,0.00,0.00,0.00,RAW VALUES,0,0,0,0,0,0,0,0,0,3
2023/8/7 (Monday) 12:2:33,LED OFF,0,DI Water Dark,44,44039,BASIC COUNTS,0.00,0.00,0.00,0.00,0.00,0.00,0.00,0.00,0.00,0.00,RAW VALUES,0,0,0,0,0,0,0,0,0,0
2023/8/7 (Monday) 12:2:34,LED OFF,0,DI Water Dark,44,44703,BASIC COUNTS,0.00,0.00,0.00,0.00,0.00,0.00,0.00,0.00,0.00,0.00,RAW VALUES,0,0,0,0,0,0,0,0,0,0
2023/8/7 (Monday) 12:2:35,LED OFF,0,DI Water Dark,45,45365,BASIC COUNTS,0.00,0.00,0.00,0.00,0.00,0.00,0.00,0.00,0.00,0.00,RAW VALUES,0,0,0,0,0,0,0,0,0,0
2023/8/7 (Monday) 12:2:35,LED OFF,0,DI Water Dark,46,46024,BASIC COUNTS,0.00,0.00,0.00,0.00,0.00,0.00,0.00,0.00,0.00,0.00,RAW VALUES,0,0,0,0,0,0,0,0,0,0
2023/8/7 (Monday) 12:2:36,LED OFF,0,DI Water Dark,46,46688,BASIC COUNTS,0.00,0.00,0.00,0.00,0.00,0.00,0.00,0.00,0.00,0.00,RAW VALUES,0,0,0,0,0,0,0,0,0,0
2023/8/7 (Monday) 12:2:37,LED OFF,0,DI Water Dark,47,47353,BASIC COUNTS,0.00,0.00,0.00,0.00,0.00,0.00,0.00,0.00,0.00,0.00,RAW VALUES,0,0,0,0,0,0,0,0,0,0
2023/8/7 (Monday) 12:2:37,LED OFF,0,DI Water Dark,48,48016,BASIC COUNTS,0.00,0.00,0.00,0.00,0.00,0.00,0.00,0.00,0.00,0.00,RAW VALUES,0,0,0,0,0,0,0,0,0,0
2023/8/7 (Monday) 12:2:38,LED OFF,0,DI Water Dark,48,48677,BASIC COUNTS,0.00,0.00,0.00,0.00,0.00,0.00,0.00,0.00,0.00,0.00,RAW VALUES,0,0,0,0,0,0,0,0,0,0
2023/8/7 (Monday) 12:2:39,LED OFF,0,DI Water Dark,49,49342,BASIC COUNTS,0.00,0.00,0.00,0.00,0.00,0.00,0.00,0.00,0.00,0.00,RAW VALUES,0,0,0,0,0,0,0,0,0,0
2023/8/7 (Monday) 12:2:39,LED OFF,0,DI Water Dark,50,50005,BASIC COUNTS,0.00,0.00,0.00,0.00,0.00,0.00,0.00,0.00,0.00,0.00,RAW VALUES,0,0,0,0,0,0,0,0,0,0
2023/8/7 (Monday) 12:2:40,LED OFF,0,DI Water Dark,50,50669,BASIC COUNTS,0.00,0.00,0.00,0.00,0.00,0.00,0.00,0.00,0.00,0.00,RAW VALUES,0,0,0,0,0,0,0,0,0,0
2023/8/7 (Monday) 12:2:41,LED OFF,0,DI Water Dark,51,51331,BASIC COUNTS,0.00,0.00,0.00,0.00,0.00,0.00,0.00,0.00,0.00,0.00,RAW VALUES,0,0,0,0,0,0,0,0,0,0
2023/8/7 (Monday) 12:2:41,LED OFF,0,DI Water Dark,51,51997,BASIC COUNTS,0.00,0.00,0.00,0.00,0.00,0.00,0.00,0.00,0.00,0.00,RAW VALUES,0,0,0,0,0,0,0,0,0,0
2023/8/7 (Monday) 12:2:42,LED OFF,0,DI Water Dark,52,52657,BASIC COUNTS,0.00,0.00,0.00,0.00,0.00,0.00,0.00,0.00,0.00,0.00,RAW VALUES,0,0,0,0,0,0,0,0,0,0
2023/8/7 (Monday) 12:2:43,LED OFF,0,DI Water Dark,53,53318,BASIC COUNTS,0.00,0.00,0.00,0.00,0.00,0.00,0.00,0.00,0.00,0.00,RAW VALUES,0,0,0,0,0,0,0,0,0,3
2023/8/7 (Monday) 12:2:43,LED OFF,0,DI Water Dark,53,53980,BASIC COUNTS,0.00,0.00,0.00,0.00,0.00,0.00,0.00,0.00,0.00,0.00,RAW VALUES,0,0,0,0,0,0,0,0,0,0
2023/8/7 (Monday) 12:2:44,LED OFF,0,DI Water Dark,54,54645,BASIC COUNTS,0.00,0.00,0.00,0.00,0.00,0.00,0.00,0.00,0.00,0.00,RAW VALUES,0,0,0,0,0,0,0,0,0,0
2023/8/7 (Monday) 12:2:45,LED OFF,0,DI Water Dark,55,55311,BASIC COUNTS,0.00,0.00,0.00,0.00,0.00,0.00,0.00,0.00,0.00,0.00,RAW VALUES,0,0,0,0,0,0,0,0,0,0
2023/8/7 (Monday) 12:2:45,LED OFF,0,DI Water Dark,55,5  73,BASIC COUNTS,0.00,0.00,0.00,0.00,0.00,0.00,0.00,0.00,0.00,0.00,RAW VALUES,0,0,0,0,0,0,0,0,0,0
2023/8/7 (Monday) 12:2:46,LED OFF,0,DI Water Dark,56,56639,BASIC COUNTS,0.00,0.00,0.00,0.00,0.00,0.00,0.00,0.00,0.00,0.00,RAW VALUES,0,0,0,0,0,0,0,0,0,3
2023/8/7 (Monday) 12:2:47,LED OFF,0,DI Water Dark,57,57300,BASIC COUNTS,0.00,0.00,0.00,0.00,0.00,0.00,0.00,0.00,0.00,0.00,RAW VALUES,0,0,0,0,0,0,0,0,0,0
2023/8/7 (Monday) 12:2:47,LED OFF,0,DI Water Dark,57,57963,BASIC COUNTS,0.00,0.00,0.00,0.00,0.00,0.00,0.00,0.00,0.00,0.00,RAW VALUES,0,0,0,0,0,0,0,0,0,0
2023/8/7 (Monday) 12:2:48,LED OFF,0,DI Water Dark,58,58624,BASIC COUNTS,0.00,0.00,0.00,0.00,0.00,0.00,0.00,0.00,0.00,0.00,RAW VALUES,0,0,0,0,0,0,0,0,0,0
2023/8/7 (Monday) 12:2:49,LED OFF,0,DI Water Dark,  ,288,BASIC COUNTS,0.00,0.00,0.00,0.00,0.00,0.00,0.00,0.00,0.00,0.00,RAW VALUES,0,0,0,0,0,0,0,0,0,3
2023/8/7 (Monday) 12:2:49,LED OFF,0,DI Water Dark,  ,50,BASIC COUNTS,0.00,0.00,0.00,0.00,0.00,0.00,0.00,0.00,0.00,0.00,RAW VALUES,0,0,0,0,0,0,0,0,0,0
2023/8/7 (Monday) 12:2:50,LED OFF,0,DI Water Dark,60,60615,BASIC COUNTS,0.00,0.00,0.00,0.00,0.00,0.00,0.00,0.00,0.00,0.00,RAW VALUES,0,0,0,0,0,0,0,0,0,0
2023/8/7 (Monday) 12:2:51,LED OFF,0,DI Water Dark,61,61280,BASIC COUNTS,0.00,0.00,0.00,0.00,0.00,0.00,0.00,0.00,0.00,0.00,RAW VALUES,0,0,0,0,0,0,0,0,0,0
2023/8/7 (Monday) 12:2:51,LED OFF,0,DI Water Dark,61,61941,BASIC COUNTS,0.00,0.00,0.00,0.00,0.00,0.00,0.00,0.00,0.00,0.00,RAW VALUES,0,0,0,0,0,0,0,0,0,0
2023/8/7 (Monday) 12:2:52,LED OFF,0,DI Water Dark,62,62602,BASIC COUNTS,0.00,0.00,0.00,0.00,0.00,0.00,0.00,0.00,0.00,0.00,RAW VALUES,0,0,0,0,0,0,0,0,0,0
2023/8/7 (Monday) 12:2:53,LED OFF,0,DI Water Dark,63,63267,BASIC COUNTS,0.00,0.00,0.00,0.00,0.00,0.00,0.00,0.00,0.00,0.00,RAW VALUES,0,0,0,0,0,0,0,0,0,0
2023/8/7 (Monday) 12:2:53,LED OFF,0,DI Water Dark,63,63929,BASIC COUNTS,0.00,0.00,0.00,0.00,0.00,0.00,0.00,0.00,0.00,0.00,RAW VALUES,0,0,0,0,0,0,0,0,0,0
Date and Time,LED Status,LED Intensity,Test,Milliseconds,Seconds,Type,F1 (Basic),F2 (Basic),F3 (Basic),F4 (Basic),F5 (Basic),F6 (Basic),F7 (Basic),F8 (Basic),Clear (Basic),NIR (Basic),Type,F1 (Raw),F2 (Raw),F3 (Raw),F4 (Raw),F5 (Raw),F6 (Raw),F7 (Raw),F8 (Raw),Clear (Raw),NIR (Raw)
2023/8/7 (Monday) 12:3:6,LED ON,255,DI Water Light,0,975,BASIC COUNTS,0.00,0.00,0.00,0.00,0.00,0.00,0.00,0.00,0.00,0.00,RAW VALUES,0,0,0,0,0,0,0,0,0,0
2023/8/7 (Monday) 12:3:6,LED ON,255,DI Water Light,1,1638,BASIC COUNTS,0.00,0.00,0.00,0.00,0.00,0.00,0.00,0.00,0.00,0.00,RAW VALUES,0,0,0,0,0,0,3,3,7,0
2023/8/7 (Monday) 12:3:7,LED ON,255,DI Water Light,2,2303,BASIC COUNTS,0.00,0.00,0.00,0.00,0.00,0.00,0.00,0.00,0.00,0.00,RAW VALUES,0,0,0,0,0,1,3,3,7,0
2023/8/7 (Monday) 12:3:8,LED ON,255,DI Water Light,2,2966,BASIC COUNTS,0.00,0.00,0.00,0.00,0.00,0.00,0.00,0.00,0.00,0.00,RAW VALUES,0,0,0,0,0,1,3,3,7,3
2023/8/7 (Monday) 12:3:8,LED ON,255,DI Water Light,3,3630,BASIC COUNTS,0.00,0.00,0.00,0.00,0.00,0.00,0.00,0.00,0.00,0.00,RAW VALUES,0,0,0,0,0,2,4,3,8,0
2023/8/7 (Monday) 12:3:9,LED ON,255,DI Water Light,4,4292,BASIC COUNTS,0.00,0.00,0.00,0.00,0.00,0.00,0.00,0.00,0.00,0.00,RAW VALUES,0,0,0,0,0,1,4,3,8,0
2023/8/7 (Monday) 12:3:10,LED ON,255,DI Water Light,4,49,BASIC COUNTS,0.00,0.00,0.00,0.00,0.00,0.00,0.00,0.00,0.00,0.00,RAW VALUES,0,0,0,0,0,1,3,3,7,0
2023/8/7 (Monday) 12:3:10,LED ON,255,DI Water Light,5,5618,BASIC COUNTS,0.00,0.00,0.00,0.00,0.00,0.00,0.00,0.00,0.00,0.00,RAW VALUES,0,0,0,0,0,1,4,3,7,0
2023/8/7 (Monday) 12:3:11,LED ON,255,DI Water Light,6,6279,BASIC COUNTS,0.00,0.00,0.00,0.00,0.00,0.00,0.00,0.00,0.00,0.00,RAW VALUES,0,0,0,0,0,1,3,3,8,0
2023/8/7 (Monday) 12:3:12,LED ON,255,DI Water Light,6,6945,BASIC COUNTS,0.00,0.00,0.00,0.00,0.00,0.00,0.00,0.00,0.00,0.00,RAW VALUES,0,0,0,0,0,2,4,2,7,0
2023/8/7 (Monday) 12:3:12,LED ON,255,DI Water Light,7,7607,BASIC COUNTS,0.00,0.00,0.00,0.00,0.00,0.00,0.00,0.00,0.00,0.00,RAW VALUES,0,0,0,0,0,1,3,3,7,0
2023/8/7 (Monday) 12:3:13,LED ON,255,DI Water Light,8,8269,BASIC COUNTS,0.00,0.00,0.00,0.00,0.00,0.00,0.00,0.00,0.00,0.00,RAW VALUES,0,0,0,0,0,2,3,3,7,3
2023/8/7 (Monday) 12:3:14,LED ON,255,DI Water Light,8,8932,BASIC COUNTS,0.00,0.00,0.00,0.00,0.00,0.00,0.00,0.00,0.00,0.00,RAW VALUES,0,0,0,0,0,1,3,3,7,0
2023/8/7 (Monday) 12:3:14,LED ON,255,DI Water Light,9,9  5,BASIC COUNTS,0.00,0.00,0.00,0.00,0.00,0.00,0.00,0.00,0.00,0.00,RAW VALUES,0,0,0,0,0,1,3,3,8,0
2023/8/7 (Monday) 12:3:15,LED ON,255,DI Water Light,10,10258,BASIC COUNTS,0.00,0.00,0.00,0.00,0.00,0.00,0.00,0.00,0.00,0.00,RAW VALUES,0,0,0,0,0,2,3,3,8,0
2023/8/7 (Monday) 12:3:16,LED ON,255,DI Water Light,10,10922,BASIC COUNTS,0.00,0.00,0.00,0.00,0.00,0.00,0.00,0.00,0.00,0.00,RAW VALUES,0,0,0,0,0,1,3,3,7,0
2023/8/7 (Monday) 12:3:16,LED ON,255,DI Water Light,11,11585,BASIC COUNTS,0.00,0.00,0.00,0.00,0.00,0.00,0.00,0.00,0.00,0.00,RAW VALUES,0,0,0,0,0,1,3,3,7,0
2023/8/7 (Monday) 12:3:17,LED ON,255,DI Water Light,12,12247,BASIC COUNTS,0.00,0.00,0.00,0.00,0.00,0.00,0.00,0.00,0.00,0.00,RAW VALUES,0,0,0,0,0,1,4,3,7,0
2023/8/7 (Monday) 12:3:18,LED ON,255,DI Water Light,12,12911,BASIC COUNTS,0.00,0.00,0.00,0.00,0.00,0.00,0.00,0.00,0.00,0.00,RAW VALUES,0,0,0,0,0,1,4,2,8,0
2023/8/7 (Monday) 12:3:18,LED ON,255,DI Water Light,13,13573,BASIC COUNTS,0.00,0.00,0.00,0.00,0.00,0.00,0.00,0.00,0.00,0.00,RAW VALUES,0,0,0,0,0,1,3,3,7,0
2023/8/7 (Monday) 12:3:19,LED ON,255,DI Water Light,14,14236,BASIC COUNTS,0.00,0.00,0.00,0.00,0.00,0.00,0.00,0.00,0.00,0.00,RAW VALUES,0,0,0,0,0,2,3,3,7,0
2023/8/7 (Monday) 12:3:20,LED ON,255,DI Water Light,14,14897,BASIC COUNTS,0.00,0.00,0.00,0.00,0.00,0.00,0.00,0.00,0.00,0.00,RAW VALUES,0,0,0,0,0,2,3,3,7,0
2023/8/7 (Monday) 12:3:20,LED ON,255,DI Water Light,15,15562,BASIC COUNTS,0.00,0.00,0.00,0.00,0.00,0.00,0.00,0.00,0.00,0.00,RAW VALUES,0,0,0,0,0,1,3,3,7,0
2023/8/7 (Monday) 12:3:21,LED ON,255,DI Water Light,16,16227,BASIC COUNTS,0.00,0.00,0.00,0.00,0.00,0.00,0.00,0.00,0.00,0.00,RAW VALUES,0,0,0,0,0,0,4,3,7,0
2023/8/7 (Monday) 12:3:22,LED ON,255,DI Water Light,16,16889,BASIC COUNTS,0.00,0.00,0.00,0.00,0.00,0.00,0.00,0.00,0.00,0.00,RAW VALUES,0,0,0,0,0,0,4,3,8,0
2023/8/7 (Monday) 12:3:22,LED ON,255,DI Water Light,17,17555,BASIC COUNTS,0.00,0.00,0.00,0.00,0.00,0.00,0.00,0.00,0.00,0.00,RAW VALUES,0,0,0,0,0,0,4,3,7,3
2023/8/7 (Monday) 12:3:23,LED ON,255,DI Water Light,18,18217,BASIC COUNTS,0.00,0.00,0.00,0.00,0.00,0.00,0.00,0.00,0.00,0.00,RAW VALUES,0,0,0,0,0,1,4,2,7,0
2023/8/7 (Monday) 12:3:24,LED ON,255,DI Water Light,18,18880,BASIC COUNTS,0.00,0.00,0.00,0.00,0.00,0.00,0.00,0.00,0.00,0.00,RAW VALUES,0,0,0,0,0,1,3,2,7,0
2023/8/7 (Monday) 12:3:24,LED ON,255,DI Water Light,19,19544,BASIC COUNTS,0.00,0.00,0.00,0.00,0.00,0.00,0.00,0.00,0.00,0.00,RAW VALUES,0,0,0,0,0,2,3,3,8,0
2023/8/7 (Monday) 12:3:25,LED ON,255,DI Water Light,20,20210,BASIC COUNTS,0.00,0.00,0.00,0.00,0.00,0.00,0.00,0.00,0.00,0.00,RAW VALUES,0,0,0,0,0,1,3,3,7,0
2023/8/7 (Monday) 12:3:26,LED ON,255,DI Water Light,20,20874,BASIC COUNTS,0.00,0.00,0.00,0.00,0.00,0.00,0.00,0.00,0.00,0.00,RAW VALUES,0,0,0,0,0,1,3,3,7,0
2023/8/7 (Monday) 12:3:26,LED ON,255,DI Water Light,21,21535,BASIC COUNTS,0.00,0.00,0.00,0.00,0.00,0.00,0.00,0.00,0.00,0.00,RAW VALUES,0,0,0,0,0,1,3,3,8,3
2023/8/7 (Monday) 12:3:27,LED ON,255,DI Water Light,22,22199,BASIC COUNTS,0.00,0.00,0.00,0.00,0.00,0.00,0.00,0.00,0.00,0.00,RAW VALUES,0,0,0,0,0,0,3,3,8,0
2023/8/7 (Monday) 12:3:27,LED ON,255,DI Water Light,22,22862,BASIC COUNTS,0.00,0.00,0.00,0.00,0.00,0.00,0.00,0.00,0.00,0.00,RAW VALUES,0,0,0,0,0,0,4,3,7,0
2023/8/7 (Monday) 12:3:28,LED ON,255,DI Water Light,23,23526,BASIC COUNTS,0.00,0.00,0.00,0.00,0.00,0.00,0.00,0.00,0.00,0.00,RAW VALUES,0,0,0,0,0,1,3,3,7,0
2023/8/7 (Monday) 12:3:29,LED ON,255,DI Water Light,24,24192,BASIC COUNTS,0.00,0.00,0.00,0.00,0.00,0.00,0.00,0.00,0.00,0.00,RAW VALUES,0,0,0,0,0,1,4,2,7,0
2023/8/7 (Monday) 12:3:29,LED ON,255,DI Water Light,24,24854,BASIC COUNTS,0.00,0.00,0.00,0.00,0.00,0.00,0.00,0.00,0.00,0.00,RAW VALUES,0,0,0,0,0,2,4,3,7,3
2023/8/7 (Monday) 12:3:30,LED ON,255,DI Water Light,25,25514,BASIC COUNTS,0.00,0.00,0.00,0.00,0.00,0.00,0.00,0.00,0.00,0.00,RAW VALUES,0,0,0,0,0,1,4,3,8,0
2023/8/7 (Monday) 12:3:31,LED ON,255,DI Water Light,26,26175,BASIC COUNTS,0.00,0.00,0.00,0.00,0.00,0.00,0.00,0.00,0.00,0.00,RAW VALUES,0,0,0,0,0,0,3,3,7,0
2023/8/7 (Monday) 12:3:31,LED ON,255,DI Water Light,26,26836,BASIC COUNTS,0.00,0.00,0.00,0.00,0.00,0.00,0.00,0.00,0.00,0.00,RAW VALUES,0,0,0,0,0,0,3,4,7,3
2023/8/7 (Monday) 12:3:32,LED ON,255,DI Water Light,27,27497,BASIC COUNTS,0.00,0.00,0.00,0.00,0.00,0.00,0.00,0.00,0.00,0.00,RAW VALUES,0,0,0,0,0,1,3,3,8,0
2023/8/7 (Monday) 12:3:33,LED ON,255,DI Water Light,28,28161,BASIC COUNTS,0.00,0.00,0.00,0.00,0.00,0.00,0.00,0.00,0.00,0.00,RAW VALUES,0,0,0,0,0,1,4,3,7,0
2023/8/7 (Monday) 12:3:33,LED ON,255,DI Water Light,28,28824,BASIC COUNTS,0.00,0.00,0.00,0.00,0.00,0.00,0.00,0.00,0.00,0.00,RAW VALUES,0,0,0,0,0,1,3,2,8,0
2023/8/7 (Monday) 12:3:34,LED ON,255,DI Water Light,29,29487,BASIC COUNTS,0.00,0.00,0.00,0.00,0.00,0.00,0.00,0.00,0.00,0.00,RAW VALUES,0,0,0,0,0,1,4,2,7,0
2023/8/7 (Monday) 12:3:35,LED ON,255,DI Water Light,30,30149,BASIC COUNTS,0.00,0.00,0.00,0.00,0.00,0.00,0.00,0.00,0.00,0.00,RAW VALUES,0,0,0,0,0,1,3,4,7,0
2023/8/7 (Monday) 12:3:35,LED ON,255,DI Water Light,30,30810,BASIC COUNTS,0.00,0.00,0.00,0.00,0.00,0.00,0.00,0.00,0.00,0.00,RAW VALUES,0,0,0,0,0,1,4,3,7,0
2023/8/7 (Monday) 12:3:36,LED ON,255,DI Water Light,31,31471,BASIC COUNTS,0.00,0.00,0.00,0.00,0.00,0.00,0.00,0.00,0.00,0.00,RAW VALUES,0,0,0,0,0,1,3,3,7,0
2023/8/7 (Monday) 12:3:37,LED ON,255,DI Water Light,32,32135,BASIC COUNTS,0.00,0.00,0.00,0.00,0.00,0.00,0.00,0.00,0.00,0.00,RAW VALUES,0,0,0,0,0,1,4,3,7,0
2023/8/7 (Monday) 12:3:37,LED ON,255,DI Water Light,32,32795,BASIC COUNTS,0.00,0.00,0.00,0.00,0.00,0.00,0.00,0.00,0.00,0.00,RAW VALUES,0,0,0,0,0,1,3,3,7,0
2023/8/7 (Monday) 12:3:38,LED ON,255,DI Water Light,33,33463,BASIC COUNTS,0.00,0.00,0.00,0.00,0.00,0.00,0.00,0.00,0.00,0.00,RAW VALUES,0,0,0,0,0,2,3,3,7,0
2023/8/7 (Monday) 12:3:39,LED ON,255,DI Water Light,34,34126,BASIC COUNTS,0.00,0.00,0.00,0.00,0.00,0.00,0.00,0.00,0.00,0.00,RAW VALUES,0,0,0,0,0,1,3,3,7,0
2023/8/7 (Monday) 12:3:39,LED ON,255,DI Water Light,34,34788,BASIC COUNTS,0.00,0.00,0.00,0.00,0.00,0.00,0.00,0.00,0.00,0.00,RAW VALUES,0,0,0,0,0,0,3,3,7,3
2023/8/7 (Monday) 12:3:40,LED ON,255,DI Water Light,35,35456,BASIC COUNTS,0.00,0.00,0.00,0.00,0.00,0.00,0.00,0.00,0.00,0.00,RAW VALUES,0,0,0,0,0,2,4,3,7,0
2023/8/7 (Monday) 12:3:41,LED ON,255,DI Water Light,36,36119,BASIC COUNTS,0.00,0.00,0.00,0.00,0.00,0.00,0.00,0.00,0.00,0.00,RAW VALUES,0,0,0,0,0,2,3,3,7,0
2023/8/7 (Monday) 12:3:41,LED ON,255,DI Water Light,36,36781,BASIC COUNTS,0.00,0.00,0.00,0.00,0.00,0.00,0.00,0.00,0.00,0.00,RAW VALUES,0,0,0,0,0,1,3,3,7,0
2023/8/7 (Monday) 12:3:42,LED ON,255,DI Water Light,37,37448,BASIC COUNTS,0.00,0.00,0.00,0.00,0.00,0.00,0.00,0.00,0.00,0.00,RAW VALUES,0,0,0,0,0,1,3,3,7,0
2023/8/7 (Monday) 12:3:43,LED ON,255,DI Water Light,38,38108,BASIC COUNTS,0.00,0.00,0.00,0.00,0.00,0.00,0.00,0.00,0.00,0.00,RAW VALUES,0,0,0,0,0,1,4,3,7,0
2023/8/7 (Monday) 12:3:43,LED ON,255,DI Water Light,38,38775,BASIC COUNTS,0.00,0.00,0.00,0.00,0.00,0.00,0.00,0.00,0.00,0.00,RAW VALUES,0,0,0,0,0,0,4,3,8,0
2023/8/7 (Monday) 12:3:44,LED ON,255,DI Water Light,39,39441,BASIC COUNTS,0.00,0.00,0.00,0.00,0.00,0.00,0.00,0.00,0.00,0.00,RAW VALUES,0,0,0,0,0,1,3,3,7,0
2023/8/7 (Monday) 12:3:45,LED ON,255,DI Water Light,40,40102,BASIC COUNTS,0.00,0.00,0.00,0.00,0.00,0.00,0.00,0.00,0.00,0.00,RAW VALUES,0,0,0,0,0,2,3,3,8,3
2023/8/7 (Monday) 12:3:45,LED ON,255,DI Water Light,40,40763,BASIC COUNTS,0.00,0.00,0.00,0.00,0.00,0.00,0.00,0.00,0.00,0.00,RAW VALUES,0,0,0,0,0,1,3,3,8,0
2023/8/7 (Monday) 12:3:46,LED ON,255,DI Water Light,41,41425,BASIC COUNTS,0.00,0.00,0.00,0.00,0.00,0.00,0.00,0.00,0.00,0.00,RAW VALUES,0,0,0,0,0,1,4,3,7,0
2023/8/7 (Monday) 12:3:47,LED ON,255,DI Water Light,42,42088,BASIC COUNTS,0.00,0.00,0.00,0.00,0.00,0.00,0.00,0.00,0.00,0.00,RAW VALUES,0,0,0,0,0,2,4,3,7,0
2023/8/7 (Monday) 12:3:47,LED ON,255,DI Water Light,42,42750,BASIC COUNTS,0.00,0.00,0.00,0.00,0.00,0.00,0.00,0.00,0.00,0.00,RAW VALUES,0,0,0,0,0,1,3,3,8,0
2023/8/7 (Monday) 12:3:48,LED ON,255,DI Water Light,43,43415,BASIC COUNTS,0.00,0.00,0.00,0.00,0.00,0.00,0.00,0.00,0.00,0.00,RAW VALUES,0,0,0,0,0,2,3,3,7,0
2023/8/7 (Monday) 12:3:49,LED ON,255,DI Water Light,44,44079,BASIC COUNTS,0.00,0.00,0.00,0.00,0.00,0.00,0.00,0.00,0.00,0.00,RAW VALUES,0,0,0,0,0,1,3,3,7,0
2023/8/7 (Monday) 12:3:49,LED ON,255,DI Water Light,44,44741,BASIC COUNTS,0.00,0.00,0.00,0.00,0.00,0.00,0.00,0.00,0.00,0.00,RAW VALUES,0,0,0,0,0,0,4,3,7,0
2023/8/7 (Monday) 12:3:50,LED ON,255,DI Water Light,45,45401,BASIC COUNTS,0.00,0.00,0.00,0.00,0.00,0.00,0.00,0.00,0.00,0.00,RAW VALUES,0,0,0,0,0,2,4,3,7,3
2023/8/7 (Monday) 12:3:51,LED ON,255,DI Water Light,46,46065,BASIC COUNTS,0.00,0.00,0.00,0.00,0.00,0.00,0.00,0.00,0.00,0.00,RAW VALUES,0,0,0,0,0,1,4,3,7,0
2023/8/7 (Monday) 12:3:51,LED ON,255,DI Water Light,46,46725,BASIC COUNTS,0.00,0.00,0.00,0.00,0.00,0.00,0.00,0.00,0.00,0.00,RAW VALUES,0,0,0,0,0,1,3,3,7,0
2023/8/7 (Monday) 12:3:52,LED ON,255,DI Water Light,47,47385,BASIC COUNTS,0.00,0.00,0.00,0.00,0.00,0.00,0.00,0.00,0.00,0.00,RAW VALUES,0,0,0,0,0,2,3,3,7,0
2023/8/7 (Monday) 12:3:53,LED ON,255,DI Water Light,48,48049,BASIC COUNTS,0.00,0.00,0.00,0.00,0.00,0.00,0.00,0.00,0.00,0.00,RAW VALUES,0,0,0,0,0,1,4,3,7,0
2023/8/7 (Monday) 12:3:53,LED ON,255,DI Water Light,48,48715,BASIC COUNTS,0.00,0.00,0.00,0.00,0.00,0.00,0.00,0.00,0.00,0.00,RAW VALUES,0,0,0,0,0,2,4,3,7,0
2023/8/7 (Monday) 12:3:54,LED ON,255,DI Water Light,49,49381,BASIC COUNTS,0.00,0.00,0.00,0.00,0.00,0.00,0.00,0.00,0.00,0.00,RAW VALUES,0,0,0,0,0,0,3,3,7,0
2023/8/7 (Monday) 12:3:55,LED ON,255,DI Water Light,50,50043,BASIC COUNTS,0.00,0.00,0.00,0.00,0.00,0.00,0.00,0.00,0.00,0.00,RAW VALUES,0,0,0,0,0,1,3,3,7,3
2023/8/7 (Monday) 12:3:55,LED ON,255,DI Water Light,50,50707,BASIC COUNTS,0.00,0.00,0.00,0.00,0.00,0.00,0.00,0.00,0.00,0.00,RAW VALUES,0,0,0,0,0,1,4,3,7,0
2023/8/7 (Monday) 12:3:56,LED ON,255,DI Water Light,51,51370,BASIC COUNTS,0.00,0.00,0.00,0.00,0.00,0.00,0.00,0.00,0.00,0.00,RAW VALUES,0,0,0,0,0,2,3,3,7,0
2023/8/7 (Monday) 12:3:57,LED ON,255,DI Water Light,52,52033,BASIC COUNTS,0.00,0.00,0.00,0.00,0.00,0.00,0.00,0.00,0.00,0.00,RAW VALUES,0,0,0,0,0,2,3,3,7,0
2023/8/7 (Monday) 12:3:57,LED ON,255,DI Water Light,52,52699,BASIC COUNTS,0.00,0.00,0.00,0.00,0.00,0.00,0.00,0.00,0.00,0.00,RAW VALUES,0,0,0,0,0,2,4,3,7,3
2023/8/7 (Monday) 12:3:58,LED ON,255,DI Water Light,53,53361,BASIC COUNTS,0.00,0.00,0.00,0.00,0.00,0.00,0.00,0.00,0.00,0.00,RAW VALUES,0,0,0,0,0,1,4,2,7,0
2023/8/7 (Monday) 12:3:  ,LED ON,255,DI Water Light,54,54025,BASIC COUNTS,0.00,0.00,0.00,0.00,0.00,0.00,0.00,0.00,0.00,0.00,RAW VALUES,0,0,0,0,0,1,3,3,7,0
2023/8/7 (Monday) 12:3:  ,LED ON,255,DI Water Light,54,54690,BASIC COUNTS,0.00,0.00,0.00,0.00,0.00,0.00,0.00,0.00,0.00,0.00,RAW VALUES,0,0,0,0,0,2,4,3,7,0
2023/8/7 (Monday) 12:4:0,LED ON,255,DI Water Light,55,55351,BASIC COUNTS,0.00,0.00,0.00,0.00,0.00,0.00,0.00,0.00,0.00,0.00,RAW VALUES,0,0,0,0,0,2,4,3,7,0
2023/8/7 (Monday) 12:4:1,LED ON,255,DI Water Light,56,56014,BASIC COUNTS,0.00,0.00,0.00,0.00,0.00,0.00,0.00,0.00,0.00,0.00,RAW VALUES,0,0,0,0,0,2,4,3,7,0
2023/8/7 (Monday) 12:4:1,LED ON,255,DI Water Light,56,56678,BASIC COUNTS,0.00,0.00,0.00,0.00,0.00,0.00,0.00,0.00,0.00,0.00,RAW VALUES,0,0,0,0,0,2,4,3,7,0
2023/8/7 (Monday) 12:4:2,LED ON,255,DI Water Light,57,57339,BASIC COUNTS,0.00,0.00,0.00,0.00,0.00,0.00,0.00,0.00,0.00,0.00,RAW VALUES,0,0,0,0,0,1,3,3,8,0
2023/8/7 (Monday) 12:4:3,LED ON,255,DI Water Light,58,58000,BASIC COUNTS,0.00,0.00,0.00,0.00,0.00,0.00,0.00,0.00,0.00,0.00,RAW VALUES,0,0,0,0,0,0,4,3,7,0
2023/8/7 (Monday) 12:4:3,LED ON,255,DI Water Light,58,58662,BASIC COUNTS,0.00,0.00,0.00,0.00,0.00,0.00,0.00,0.00,0.00,0.00,RAW VALUES,0,0,0,0,0,1,3,3,6,0
2023/8/7 (Monday) 12:4:4,LED ON,255,DI Water Light,  ,323,BASIC COUNTS,0.00,0.00,0.00,0.00,0.00,0.00,0.00,0.00,0.00,0.00,RAW VALUES,0,0,0,0,0,2,3,3,8,0
2023/8/7 (Monday) 12:4:5,LED ON,255,DI Water Light,  ,86,BASIC COUNTS,0.00,0.00,0.00,0.00,0.00,0.00,0.00,0.00,0.00,0.00,RAW VALUES,0,0,0,0,0,1,3,4,7,0
2023/8/7 (Monday) 12:4:5,LED ON,255,DI Water Light,60,60649,BASIC COUNTS,0.00,0.00,0.00,0.00,0.00,0.00,0.00,0.00,0.00,0.00,RAW VALUES,0,0,0,0,0,1,4,3,7,0
Date and Time,LED Status,LED Intensity,Test,Milliseconds,Seconds,Type,F1 (Basic),F2 (Basic),F3 (Basic),F4 (Basic),F5 (Basic),F6 (Basic),F7 (Basic),F8 (Basic),Clear (Basic),NIR (Basic),Type,F1 (Raw),F2 (Raw),F3 (Raw),F4 (Raw),F5 (Raw),F6 (Raw),F7 (Raw),F8 (Raw),Clear (Raw),NIR (Raw)
2023/8/7 (Monday) 12:4:49,LED ON,255,6.5 mg/L,0,976,BASIC COUNTS,0.00,0.00,0.00,0.00,0.00,0.00,0.00,0.00,0.00,0.00,RAW VALUES,0,0,0,0,0,0,0,0,0,0
2023/8/7 (Monday) 12:4:49,LED ON,255,6.5 mg/L,1,1637,BASIC COUNTS,0.00,0.00,0.00,0.00,0.00,0.00,0.00,0.00,0.01,0.00,RAW VALUES,3,2,4,3,24,170,182,79,285,15
2023/8/7 (Monday) 12:4:50,LED ON,255,6.5 mg/L,2,2303,BASIC COUNTS,0.00,0.00,0.00,0.00,0.00,0.00,0.00,0.00,0.01,0.00,RAW VALUES,3,3,4,3,25,170,182,79,285,15
2023/8/7 (Monday) 12:4:50,LED ON,255,6.5 mg/L,2,2965,BASIC COUNTS,0.00,0.00,0.00,0.00,0.00,0.00,0.00,0.00,0.01,0.00,RAW VALUES,2,3,4,3,24,169,181,79,285,21
2023/8/7 (Monday) 12:4:51,LED ON,255,6.5 mg/L,3,3624,BASIC COUNTS,0.00,0.00,0.00,0.00,0.00,0.00,0.00,0.00,0.01,0.00,RAW VALUES,3,3,4,3,24,170,181,79,286,15
2023/8/7 (Monday) 12:4:52,LED ON,255,6.5 mg/L,4,4286,BASIC COUNTS,0.00,0.00,0.00,0.00,0.00,0.00,0.00,0.00,0.01,0.00,RAW VALUES,3,3,4,3,24,169,182,79,285,18
2023/8/7 (Monday) 12:4:52,LED ON,255,6.5 mg/L,4,4956,BASIC COUNTS,0.00,0.00,0.00,0.00,0.00,0.00,0.00,0.00,0.01,0.00,RAW VALUES,3,3,4,3,24,169,182,78,286,18
2023/8/7 (Monday) 12:4:53,LED ON,255,6.5 mg/L,5,5620,BASIC COUNTS,0.00,0.00,0.00,0.00,0.00,0.00,0.00,0.00,0.01,0.00,RAW VALUES,2,3,4,3,24,170,182,79,286,15
2023/8/7 (Monday) 12:4:54,LED ON,255,6.5 mg/L,6,6285,BASIC COUNTS,0.00,0.00,0.00,0.00,0.00,0.00,0.00,0.00,0.01,0.00,RAW VALUES,3,3,5,3,24,170,182,79,285,18
2023/8/7 (Monday) 12:4:54,LED ON,255,6.5 mg/L,6,6948,BASIC COUNTS,0.00,0.00,0.00,0.00,0.00,0.00,0.00,0.00,0.01,0.00,RAW VALUES,3,2,4,3,24,169,182,78,286,18
2023/8/7 (Monday) 12:4:55,LED ON,255,6.5 mg/L,7,7610,BASIC COUNTS,0.00,0.00,0.00,0.00,0.00,0.00,0.00,0.00,0.01,0.00,RAW VALUES,2,3,5,3,24,170,181,79,285,18
2023/8/7 (Monday) 12:4:56,LED ON,255,6.5 mg/L,8,8275,BASIC COUNTS,0.00,0.00,0.00,0.00,0.00,0.00,0.00,0.00,0.01,0.00,RAW VALUES,3,2,4,2,24,169,182,79,286,18
2023/8/7 (Monday) 12:4:56,LED ON,255,6.5 mg/L,8,8938,BASIC COUNTS,0.00,0.00,0.00,0.00,0.00,0.00,0.00,0.00,0.01,0.00,RAW VALUES,2,2,4,3,24,170,181,79,286,15
2023/8/7 (Monday) 12:4:57,LED ON,255,6.5 mg/L,9,9  8,BASIC COUNTS,0.00,0.00,0.00,0.00,0.00,0.00,0.00,0.00,0.01,0.00,RAW VALUES,3,3,4,3,24,169,182,78,286,16
2023/8/7 (Monday) 12:4:58,LED ON,255,6.5 mg/L,10,10260,BASIC COUNTS,0.00,0.00,0.00,0.00,0.00,0.00,0.00,0.00,0.01,0.00,RAW VALUES,3,3,5,3,24,169,182,79,286,15
2023/8/7 (Monday) 12:4:58,LED ON,255,6.5 mg/L,10,10922,BASIC COUNTS,0.00,0.00,0.00,0.00,0.00,0.00,0.00,0.00,0.01,0.00,RAW VALUES,3,3,4,3,24,170,182,78,286,18
2023/8/7 (Monday) 12:4:  ,LED ON,255,6.5 mg/L,11,11587,BASIC COUNTS,0.00,0.00,0.00,0.00,0.00,0.00,0.00,0.00,0.01,0.00,RAW VALUES,3,2,5,3,24,171,182,79,285,21
2023/8/7 (Monday) 12:5:0,LED ON,255,6.5 mg/L,12,12249,BASIC COUNTS,0.00,0.00,0.00,0.00,0.00,0.00,0.00,0.00,0.01,0.00,RAW VALUES,3,3,4,3,24,169,182,79,285,15
2023/8/7 (Monday) 12:5:0,LED ON,255,6.5 mg/L,12,12912,BASIC COUNTS,0.00,0.00,0.00,0.00,0.00,0.00,0.00,0.00,0.01,0.00,RAW VALUES,3,3,5,3,25,169,182,79,286,15
2023/8/7 (Monday) 12:5:1,LED ON,255,6.5 mg/L,13,13575,BASIC COUNTS,0.00,0.00,0.00,0.00,0.00,0.00,0.00,0.00,0.01,0.00,RAW VALUES,3,2,4,3,24,170,182,79,285,18
2023/8/7 (Monday) 12:5:2,LED ON,255,6.5 mg/L,14,14241,BASIC COUNTS,0.00,0.00,0.00,0.00,0.00,0.00,0.00,0.00,0.01,0.00,RAW VALUES,2,2,4,3,24,170,182,79,286,15
2023/8/7 (Monday) 12:5:2,LED ON,255,6.5 mg/L,14,14908,BASIC COUNTS,0.00,0.00,0.00,0.00,0.00,0.00,0.00,0.00,0.01,0.00,RAW VALUES,3,2,4,3,24,169,182,79,286,18
2023/8/7 (Monday) 12:5:3,LED ON,255,6.5 mg/L,15,15570,BASIC COUNTS,0.00,0.00,0.00,0.00,0.00,0.00,0.00,0.00,0.01,0.00,RAW VALUES,3,3,5,3,25,171,182,78,286,18
2023/8/7 (Monday) 12:5:4,LED ON,255,6.5 mg/L,16,16235,BASIC COUNTS,0.00,0.00,0.00,0.00,0.00,0.00,0.00,0.00,0.01,0.00,RAW VALUES,2,3,4,3,25,169,182,79,286,15
2023/8/7 (Monday) 12:5:4,LED ON,255,6.5 mg/L,16,16899,BASIC COUNTS,0.00,0.00,0.00,0.00,0.00,0.00,0.00,0.00,0.01,0.00,RAW VALUES,3,1,4,3,25,170,183,78,286,18
2023/8/7 (Monday) 12:5:5,LED ON,255,6.5 mg/L,17,17560,BASIC COUNTS,0.00,0.00,0.00,0.00,0.00,0.00,0.00,0.00,0.01,0.00,RAW VALUES,3,2,4,3,24,170,182,78,286,15
2023/8/7 (Monday) 12:5:6,LED ON,255,6.5 mg/L,18,18224,BASIC COUNTS,0.00,0.00,0.00,0.00,0.00,0.00,0.00,0.00,0.01,0.00,RAW VALUES,3,3,4,3,24,170,183,78,286,18
2023/8/7 (Monday) 12:5:6,LED ON,255,6.5 mg/L,18,18886,BASIC COUNTS,0.00,0.00,0.00,0.00,0.00,0.00,0.00,0.00,0.01,0.00,RAW VALUES,2,3,4,3,24,170,182,79,286,18
2023/8/7 (Monday) 12:5:7,LED ON,255,6.5 mg/L,19,19551,BASIC COUNTS,0.00,0.00,0.00,0.00,0.00,0.00,0.00,0.00,0.01,0.00,RAW VALUES,2,2,4,3,24,170,182,79,286,15
2023/8/7 (Monday) 12:5:8,LED ON,255,6.5 mg/L,20,20217,BASIC COUNTS,0.00,0.00,0.00,0.00,0.00,0.00,0.00,0.00,0.01,0.00,RAW VALUES,3,3,4,3,25,170,182,79,285,15
2023/8/7 (Monday) 12:5:8,LED ON,255,6.5 mg/L,20,20879,BASIC COUNTS,0.00,0.00,0.00,0.00,0.00,0.00,0.00,0.00,0.01,0.00,RAW VALUES,3,2,4,3,25,169,182,78,285,18
2023/8/7 (Monday) 12:5:9,LED ON,255,6.5 mg/L,21,21549,BASIC COUNTS,0.00,0.00,0.00,0.00,0.00,0.00,0.00,0.00,0.01,0.00,RAW VALUES,3,2,4,3,24,169,181,79,286,21
2023/8/7 (Monday) 12:5:10,LED ON,255,6.5 mg/L,22,22213,BASIC COUNTS,0.00,0.00,0.00,0.00,0.00,0.00,0.00,0.00,0.01,0.00,RAW VALUES,2,2,5,3,25,171,182,79,286,18
2023/8/7 (Monday) 12:5:10,LED ON,255,6.5 mg/L,22,22875,BASIC COUNTS,0.00,0.00,0.00,0.00,0.00,0.00,0.00,0.00,0.01,0.00,RAW VALUES,3,2,4,3,24,171,181,79,286,18
2023/8/7 (Monday) 12:5:11,LED ON,255,6.5 mg/L,23,23541,BASIC COUNTS,0.00,0.00,0.00,0.00,0.00,0.00,0.00,0.00,0.01,0.00,RAW VALUES,3,3,5,3,24,170,183,79,286,18
2023/8/7 (Monday) 12:5:12,LED ON,255,6.5 mg/L,24,24205,BASIC COUNTS,0.00,0.00,0.00,0.00,0.00,0.00,0.00,0.00,0.01,0.00,RAW VALUES,3,3,4,3,24,170,182,79,286,15
2023/8/7 (Monday) 12:5:12,LED ON,255,6.5 mg/L,24,24868,BASIC COUNTS,0.00,0.00,0.00,0.00,0.00,0.00,0.00,0.00,0.01,0.00,RAW VALUES,3,3,4,2,24,169,182,78,286,18
2023/8/7 (Monday) 12:5:13,LED ON,255,6.5 mg/L,25,25532,BASIC COUNTS,0.00,0.00,0.00,0.00,0.00,0.00,0.00,0.00,0.01,0.00,RAW VALUES,3,2,5,3,24,170,182,78,285,15
2023/8/7 (Monday) 12:5:14,LED ON,255,6.5 mg/L,26,26197,BASIC COUNTS,0.00,0.00,0.00,0.00,0.00,0.00,0.00,0.00,0.01,0.00,RAW VALUES,3,2,4,3,24,170,182,78,286,18
2023/8/7 (Monday) 12:5:14,LED ON,255,6.5 mg/L,26,26861,BASIC COUNTS,0.00,0.00,0.00,0.00,0.00,0.00,0.00,0.00,0.01,0.00,RAW VALUES,3,2,5,3,24,170,182,79,285,15
2023/8/7 (Monday) 12:5:15,LED ON,255,6.5 mg/L,27,27524,BASIC COUNTS,0.00,0.00,0.00,0.00,0.00,0.00,0.00,0.00,0.01,0.00,RAW VALUES,3,3,5,4,25,171,183,79,285,18
2023/8/7 (Monday) 12:5:16,LED ON,255,6.5 mg/L,28,28189,BASIC COUNTS,0.00,0.00,0.00,0.00,0.00,0.00,0.00,0.00,0.01,0.00,RAW VALUES,3,2,4,2,24,170,182,78,285,18
2023/8/7 (Monday) 12:5:16,LED ON,255,6.5 mg/L,28,28852,BASIC COUNTS,0.00,0.00,0.00,0.00,0.00,0.00,0.00,0.00,0.01,0.00,RAW VALUES,3,3,5,3,24,170,182,79,286,18
2023/8/7 (Monday) 12:5:17,LED ON,255,6.5 mg/L,29,29516,BASIC COUNTS,0.00,0.00,0.00,0.00,0.00,0.00,0.00,0.00,0.01,0.00,RAW VALUES,2,3,4,3,25,169,182,79,285,18
2023/8/7 (Monday) 12:5:18,LED ON,255,6.5 mg/L,30,30178,BASIC COUNTS,0.00,0.00,0.00,0.00,0.00,0.00,0.00,0.00,0.01,0.00,RAW VALUES,3,2,4,3,25,171,182,79,286,15
2023/8/7 (Monday) 12:5:18,LED ON,255,6.5 mg/L,30,30843,BASIC COUNTS,0.00,0.00,0.00,0.00,0.00,0.00,0.00,0.00,0.01,0.00,RAW VALUES,3,2,4,3,24,171,182,79,286,18
2023/8/7 (Monday) 12:5:19,LED ON,255,6.5 mg/L,31,31506,BASIC COUNTS,0.00,0.00,0.00,0.00,0.00,0.00,0.00,0.00,0.01,0.00,RAW VALUES,3,2,4,3,25,170,182,78,286,15
2023/8/7 (Monday) 12:5:20,LED ON,255,6.5 mg/L,32,32170,BASIC COUNTS,0.00,0.00,0.00,0.00,0.00,0.00,0.00,0.00,0.01,0.00,RAW VALUES,3,3,4,3,25,171,182,78,285,18
2023/8/7 (Monday) 12:5:20,LED ON,255,6.5 mg/L,32,32835,BASIC COUNTS,0.00,0.00,0.00,0.00,0.00,0.00,0.00,0.00,0.01,0.00,RAW VALUES,3,2,4,3,24,170,182,78,286,21
2023/8/7 (Monday) 12:5:21,LED ON,255,6.5 mg/L,33,33498,BASIC COUNTS,0.00,0.00,0.00,0.00,0.00,0.00,0.00,0.00,0.01,0.00,RAW VALUES,3,2,5,3,24,171,182,79,285,15
2023/8/7 (Monday) 12:5:22,LED ON,255,6.5 mg/L,34,34162,BASIC COUNTS,0.00,0.00,0.00,0.00,0.00,0.00,0.00,0.00,0.01,0.00,RAW VALUES,3,3,5,3,25,170,182,79,285,18
2023/8/7 (Monday) 12:5:22,LED ON,255,6.5 mg/L,34,34822,BASIC COUNTS,0.00,0.00,0.00,0.00,0.00,0.00,0.00,0.00,0.01,0.00,RAW VALUES,3,2,5,4,25,170,183,79,286,18
2023/8/7 (Monday) 12:5:23,LED ON,255,6.5 mg/L,35,35482,BASIC COUNTS,0.00,0.00,0.00,0.00,0.00,0.00,0.00,0.00,0.01,0.00,RAW VALUES,2,2,4,3,25,170,182,79,286,15
2023/8/7 (Monday) 12:5:24,LED ON,255,6.5 mg/L,36,36143,BASIC COUNTS,0.00,0.00,0.00,0.00,0.00,0.00,0.00,0.00,0.01,0.00,RAW VALUES,3,2,4,3,24,170,183,78,286,18
2023/8/7 (Monday) 12:5:24,LED ON,255,6.5 mg/L,36,36805,BASIC COUNTS,0.00,0.00,0.00,0.00,0.00,0.00,0.00,0.00,0.01,0.00,RAW VALUES,2,3,4,3,25,169,182,79,286,15
2023/8/7 (Monday) 12:5:25,LED ON,255,6.5 mg/L,37,37470,BASIC COUNTS,0.00,0.00,0.00,0.00,0.00,0.00,0.00,0.00,0.01,0.00,RAW VALUES,3,3,4,2,25,170,182,79,286,18
2023/8/7 (Monday) 12:5:26,LED ON,255,6.5 mg/L,38,38134,BASIC COUNTS,0.00,0.00,0.00,0.00,0.00,0.00,0.00,0.00,0.01,0.00,RAW VALUES,3,3,5,3,25,170,182,78,286,15
2023/8/7 (Monday) 12:5:26,LED ON,255,6.5 mg/L,38,38798,BASIC COUNTS,0.00,0.00,0.00,0.00,0.00,0.00,0.00,0.00,0.01,0.00,RAW VALUES,3,3,5,3,24,171,182,79,285,18
2023/8/7 (Monday) 12:5:27,LED ON,255,6.5 mg/L,39,39464,BASIC COUNTS,0.00,0.00,0.00,0.00,0.00,0.00,0.00,0.00,0.01,0.00,RAW VALUES,3,3,4,3,25,170,183,79,286,18
2023/8/7 (Monday) 12:5:28,LED ON,255,6.5 mg/L,40,40125,BASIC COUNTS,0.00,0.00,0.00,0.00,0.00,0.00,0.00,0.00,0.01,0.00,RAW VALUES,3,3,4,3,25,171,183,79,286,18
2023/8/7 (Monday) 12:5:28,LED ON,255,6.5 mg/L,40,40786,BASIC COUNTS,0.00,0.00,0.00,0.00,0.00,0.00,0.00,0.00,0.01,0.00,RAW VALUES,3,3,4,3,24,170,182,78,286,18
2023/8/7 (Monday) 12:5:29,LED ON,255,6.5 mg/L,41,41447,BASIC COUNTS,0.00,0.00,0.00,0.00,0.00,0.00,0.00,0.00,0.01,0.00,RAW VALUES,2,3,5,3,24,171,182,79,286,18
2023/8/7 (Monday) 12:5:30,LED ON,255,6.5 mg/L,42,42108,BASIC COUNTS,0.00,0.00,0.00,0.00,0.00,0.00,0.00,0.00,0.01,0.00,RAW VALUES,3,3,4,3,24,170,182,79,286,15
2023/8/7 (Monday) 12:5:30,LED ON,255,6.5 mg/L,42,42772,BASIC COUNTS,0.00,0.00,0.00,0.00,0.00,0.00,0.00,0.00,0.01,0.00,RAW VALUES,3,3,4,3,24,170,182,79,285,21
2023/8/7 (Monday) 12:5:31,LED ON,255,6.5 mg/L,43,43433,BASIC COUNTS,0.00,0.00,0.00,0.00,0.00,0.00,0.00,0.00,0.01,0.00,RAW VALUES,3,3,4,3,24,170,181,79,286,15
2023/8/7 (Monday) 12:5:32,LED ON,255,6.5 mg/L,44,44099,BASIC COUNTS,0.00,0.00,0.00,0.00,0.00,0.00,0.00,0.00,0.01,0.00,RAW VALUES,3,2,5,3,25,170,183,78,286,18
2023/8/7 (Monday) 12:5:32,LED ON,255,6.5 mg/L,44,44765,BASIC COUNTS,0.00,0.00,0.00,0.00,0.00,0.00,0.00,0.00,0.01,0.00,RAW VALUES,3,3,5,3,25,170,182,79,286,15
2023/8/7 (Monday) 12:5:33,LED ON,255,6.5 mg/L,45,45425,BASIC COUNTS,0.00,0.00,0.00,0.00,0.00,0.00,0.00,0.00,0.01,0.00,RAW VALUES,3,2,4,4,24,170,183,79,285,15
2023/8/7 (Monday) 12:5:34,LED ON,255,6.5 mg/L,46,46088,BASIC COUNTS,0.00,0.00,0.00,0.00,0.00,0.00,0.00,0.00,0.01,0.00,RAW VALUES,3,3,4,3,24,171,182,79,285,21
2023/8/7 (Monday) 12:5:34,LED ON,255,6.5 mg/L,46,46754,BASIC COUNTS,0.00,0.00,0.00,0.00,0.00,0.00,0.00,0.00,0.01,0.00,RAW VALUES,3,2,5,3,24,171,182,79,286,18
2023/8/7 (Monday) 12:5:35,LED ON,255,6.5 mg/L,47,47417,BASIC COUNTS,0.00,0.00,0.00,0.00,0.00,0.00,0.00,0.00,0.01,0.00,RAW VALUES,3,3,4,3,24,171,182,79,285,18
2023/8/7 (Monday) 12:5:36,LED ON,255,6.5 mg/L,48,48076,BASIC COUNTS,0.00,0.00,0.00,0.00,0.00,0.00,0.00,0.00,0.01,0.00,RAW VALUES,3,3,4,3,25,171,183,79,286,18
2023/8/7 (Monday) 12:5:36,LED ON,255,6.5 mg/L,48,48739,BASIC COUNTS,0.00,0.00,0.00,0.00,0.00,0.00,0.00,0.00,0.01,0.00,RAW VALUES,3,3,4,3,25,170,182,79,285,18
2023/8/7 (Monday) 12:5:37,LED ON,255,6.5 mg/L,49,49404,BASIC COUNTS,0.00,0.00,0.00,0.00,0.00,0.00,0.00,0.00,0.01,0.00,RAW VALUES,3,3,5,3,25,170,183,79,286,18
2023/8/7 (Monday) 12:5:38,LED ON,255,6.5 mg/L,50,50066,BASIC COUNTS,0.00,0.00,0.00,0.00,0.00,0.00,0.00,0.00,0.01,0.00,RAW VALUES,2,3,4,2,25,169,183,79,286,15
2023/8/7 (Monday) 12:5:38,LED ON,255,6.5 mg/L,50,50732,BASIC COUNTS,0.00,0.00,0.00,0.00,0.00,0.00,0.00,0.00,0.01,0.00,RAW VALUES,3,3,5,3,25,171,182,79,286,21
2023/8/7 (Monday) 12:5:39,LED ON,255,6.5 mg/L,51,51397,BASIC COUNTS,0.00,0.00,0.00,0.00,0.00,0.00,0.00,0.00,0.01,0.00,RAW VALUES,2,3,4,3,25,169,182,79,285,18
2023/8/7 (Monday) 12:5:40,LED ON,255,6.5 mg/L,52,52058,BASIC COUNTS,0.00,0.00,0.00,0.00,0.00,0.00,0.00,0.00,0.01,0.00,RAW VALUES,3,3,4,3,24,170,183,78,286,18
2023/8/7 (Monday) 12:5:40,LED ON,255,6.5 mg/L,52,52719,BASIC COUNTS,0.00,0.00,0.00,0.00,0.00,0.00,0.00,0.00,0.01,0.00,RAW VALUES,3,2,5,3,25,171,182,79,286,18
2023/8/7 (Monday) 12:5:41,LED ON,255,6.5 mg/L,53,53382,BASIC COUNTS,0.00,0.00,0.00,0.00,0.00,0.00,0.00,0.00,0.01,0.00,RAW VALUES,2,3,4,3,25,171,182,79,286,18
2023/8/7 (Monday) 12:5:42,LED ON,255,6.5 mg/L,54,54043,BASIC COUNTS,0.00,0.00,0.00,0.00,0.00,0.00,0.00,0.00,0.01,0.00,RAW VALUES,3,2,4,3,24,170,183,79,286,15
2023/8/7 (Monday) 12:5:42,LED ON,255,6.5 mg/L,54,54704,BASIC COUNTS,0.00,0.00,0.00,0.00,0.00,0.00,0.00,0.00,0.01,0.00,RAW VALUES,3,3,5,3,24,170,182,79,286,15
2023/8/7 (Monday) 12:5:43,LED ON,255,6.5 mg/L,55,55365,BASIC COUNTS,0.00,0.00,0.00,0.00,0.00,0.00,0.00,0.00,0.01,0.00,RAW VALUES,3,3,4,3,24,170,183,79,286,18
2023/8/7 (Monday) 12:5:44,LED ON,255,6.5 mg/L,56,56028,BASIC COUNTS,0.00,0.00,0.00,0.00,0.00,0.00,0.00,0.00,0.01,0.00,RAW VALUES,2,2,4,2,24,170,182,79,285,18
2023/8/7 (Monday) 12:5:44,LED ON,255,6.5 mg/L,56,56692,BASIC COUNTS,0.00,0.00,0.00,0.00,0.00,0.00,0.00,0.00,0.01,0.00,RAW VALUES,3,2,4,3,25,171,182,79,286,18
2023/8/7 (Monday) 12:5:45,LED ON,255,6.5 mg/L,57,57356,BASIC COUNTS,0.00,0.00,0.00,0.00,0.00,0.00,0.00,0.00,0.01,0.00,RAW VALUES,3,2,5,4,24,170,182,79,285,21
2023/8/7 (Monday) 12:5:46,LED ON,255,6.5 mg/L,58,58020,BASIC COUNTS,0.00,0.00,0.00,0.00,0.00,0.00,0.00,0.00,0.01,0.00,RAW VALUES,3,3,4,3,25,170,182,79,286,18
2023/8/7 (Monday) 12:5:46,LED ON,255,6.5 mg/L,58,58681,BASIC COUNTS,0.00,0.00,0.00,0.00,0.00,0.00,0.00,0.00,0.01,0.00,RAW VALUES,3,3,4,3,24,171,182,79,286,18
2023/8/7 (Monday) 12:5:47,LED ON,255,6.5 mg/L,  ,343,BASIC COUNTS,0.00,0.00,0.00,0.00,0.00,0.00,0.00,0.00,0.01,0.00,RAW VALUES,3,2,5,3,25,171,183,79,285,21
2023/8/7 (Monday) 12:5:48,LED ON,255,6.5 mg/L,60,60006,BASIC COUNTS,0.00,0.00,0.00,0.00,0.00,0.00,0.00,0.00,0.01,0.00,RAW VALUES,2,2,4,3,25,171,182,78,285,18
2023/8/7 (Monday) 12:5:48,LED ON,255,6.5 mg/L,60,60666,BASIC COUNTS,0.00,0.00,0.00,0.00,0.00,0.00,0.00,0.00,0.01,0.00,RAW VALUES,2,3,4,3,25,169,183,79,285,19
2023/8/7 (Monday) 12:5:49,LED ON,255,6.5 mg/L,61,61332,BASIC COUNTS,0.00,0.00,0.00,0.00,0.00,0.00,0.00,0.00,0.01,0.00,RAW VALUES,3,3,4,3,24,171,182,79,285,15
2023/8/7 (Monday) 12:5:50,LED ON,255,6.5 mg/L,61,61997,BASIC COUNTS,0.00,0.00,0.00,0.00,0.00,0.00,0.00,0.00,0.01,0.00,RAW VALUES,3,3,4,3,25,170,182,79,286,18
2023/8/7 (Monday) 12:5:50,LED ON,255,6.5 mg/L,62,62660,BASIC COUNTS,0.00,0.00,0.00,0.00,0.00,0.00,0.00,0.00,0.01,0.00,RAW VALUES,3,3,4,3,25,170,182,79,285,18
2023/8/7 (Monday) 12:5:51,LED ON,255,6.5 mg/L,63,63320,BASIC COUNTS,0.00,0.00,0.00,0.00,0.00,0.00,0.00,0.00,0.01,0.00,RAW VALUES,3,3,4,3,24,169,182,78,286,18
2023/8/7 (Monday) 12:5:52,LED ON,255,6.5 mg/L,63,63981,BASIC COUNTS,0.00,0.00,0.00,0.00,0.00,0.00,0.00,0.00,0.01,0.00,RAW VALUES,3,3,5,3,25,170,182,79,285,18
2023/8/7 (Monday) 12:5:52,LED ON,255,6.5 mg/L,64,64643,BASIC COUNTS,0.00,0.00,0.00,0.00,0.00,0.00,0.00,0.00,0.01,0.00,RAW VALUES,3,3,5,3,24,171,182,79,286,18
2023/8/7 (Monday) 12:5:53,LED ON,255,6.5 mg/L,65,65306,BASIC COUNTS,0.00,0.00,0.00,0.00,0.00,0.00,0.00,0.00,0.01,0.00,RAW VALUES,3,3,4,3,25,170,183,79,286,15
2023/8/7 (Monday) 12:5:53,LED ON,255,6.5 mg/L,65,6  68,BASIC COUNTS,0.00,0.00,0.00,0.00,0.00,0.00,0.00,0.00,0.01,0.00,RAW VALUES,3,3,4,3,25,169,182,79,285,18
2023/8/7 (Monday) 12:5:54,LED ON,255,6.5 mg/L,66,66630,BASIC COUNTS,0.00,0.00,0.00,0.00,0.00,0.00,0.00,0.00,0.01,0.00,RAW VALUES,3,3,4,3,24,170,183,79,285,18